# callgrind format
version: 1
creator: callgrind-3.22.0
pid: 7410
cmd:  evaluation/pvl_instruction_benchmark verify examples/flood_all.o examples/flood_all.o.sig security/signer/signer_cert.pem 1000
part: 1


desc: I1 cache: 
desc: D1 cache: 
desc: LL cache: 

desc: Timerange: Basic block 0 - 426093236
desc: Trigger: Program termination

positions: line
events: Ir
summary: 0


ob=(3) ???
fl=(3) ???
fn=(28) 0x000000000490a910
0 600000
cob=(4) /usr/lib/x86_64-linux-gnu/libc.so.6
cfi=(7) ./string/../sysdeps/x86_64/multiarch/memset-vec-unaligned-erms.S
cfn=(30) __memset_avx2_unaligned_erms
calls=300000 158 
0 4223000

fn=(78) 0x000000000490ae30
0 162000
cob=(4)
cfi=(10) ./nptl/./nptl/pthread_rwlock_wrlock.c
cfn=(80) pthread_rwlock_wrlock@@GLIBC_2.34
calls=81000 23 
0 3496000

fn=(4548) 0x0000000004d93600
0 2000
cob=(4)
cfi=(15) ./string/../sysdeps/x86_64/multiarch/strcmp-avx2.S
cfn=(232) __strncmp_avx2
calls=1000 206 
0 22000

fn=(4640) 0x0000000004d93480
0 20000
cob=(4)
cfi=(16) ./string/../sysdeps/x86_64/multiarch/memchr-avx2.S
cfn=(240) __memchr_avx2
calls=10000 61 
0 297000

fn=(4794) 0x0000000000109360
0 2000
cob=(2) /usr/lib/x86_64-linux-gnu/libcrypto.so.3
cfi=(4) ???
cfn=(4796) X509_STORE_CTX_new
calls=1000 0 
0 152000

fn=(202) 0x000000000490b0a0
0 1790000
cob=(4)
cfi=(14) ./string/../sysdeps/x86_64/multiarch/memmove-vec-unaligned-erms.S
cfn=(204) __memcpy_avx_unaligned_erms
calls=895000 255 
0 15556082

fn=(8002) 0x00000000001094a0
0 2000
cob=(2)
cfi=(4)
cfn=(8004) X509_get_pubkey
calls=1000 0 
0 51000

fn=(124) 0x000000000490acd0
0 54000
cob=(4)
cfi=(13) ./nptl/./nptl/pthread_rwlock_init.c
cfn=(126) pthread_rwlock_init@@GLIBC_2.34
calls=27000 34 
0 486000

fn=(250) 0x000000000490abb0
0 1820000
cob=(4)
cfi=(17) ./string/../sysdeps/x86_64/multiarch/strlen-avx2.S
cfn=(252) __strlen_avx2
calls=910000 52 
0 12968074

fn=(452) 0x000000000490a8b0
0 250000
cob=(4)
cfi=(15)
cfn=(454) __strcmp_avx2
calls=125000 206 
0 2955575

fn=(2096) 0x000000000490abc0
0 6960000
cob=(4)
cfi=(21) ./nptl/./nptl/pthread_rwlock_rdlock.c
cfn=(2098) pthread_rwlock_rdlock@@GLIBC_2.34
calls=3480000 23 
0 107880000

fn=(4546) 0x0000000004d93500
0 2000
cob=(4)
cfi=(17)
cfn=(252)
calls=1000 52 
0 14000

fn=(4820) 0x0000000000109460
0 2000
cob=(2)
cfi=(4)
cfn=(4822) X509_verify_cert
calls=1000 0 
0 1661065725

fn=(5780) 0x000000000490ac90
0 12000
cob=(4)
cfi=(40) ./time/./time/gmtime.c
cfn=(5782) gmtime_r
calls=6000 25 
0 1992000

fn=(238) 0x000000000490a9b0
0 32000
cob=(4)
cfi=(16)
cfn=(240)
calls=16000 61 
0 520000

fn=(1216) 0x000000000490af00
0 144000
cob=(4)
cfi=(19) ./string/../sysdeps/x86_64/multiarch/memcmp-avx2-movbe.S
cfn=(1218) __memcmp_avx2_movbe
calls=72000 73 
0 1539645

fn=(8044) 0x0000000000109300
0 2000
cob=(2)
cfi=(4)
cfn=(1974) EVP_PKEY_free
calls=1000 0 
0 21000

fn=(44) 0x000000000490ab30
0 474000
cob=(4)
cfi=(8) ./nptl/./nptl/pthread_once.c
cfn=(46) pthread_once@@GLIBC_2.34
calls=237000 136 
0 1422000

fn=(110) 0x000000000490ab90
0 2616000
cob=(4)
cfi=(5) ./malloc/./malloc/malloc.c
cfn=(112) free
calls=1308000 3359 
0 102818715

fn=(3510) 0x000000000490aed0
0 24000
cob=(4)
cfi=(22) ./string/../sysdeps/x86_64/multiarch/strcpy-avx2.S
cfn=(3512) __strcpy_avx2
calls=12000 64 
0 264000

fn=(4554) 0x0000000004d933f0
0 4000
cob=(4)
cfi=(5)
cfn=(20) malloc
calls=2000 3294 
0 1841436

fn=(4740) 0x0000000000109340
0 2000
cob=(2)
cfi=(4)
cfn=(4742) X509_STORE_add_cert
calls=1000 0 
0 585000

fn=(8006) 0x00000000001092f0
0 2000
cob=(2)
cfi=(4)
cfn=(5176) EVP_MD_CTX_new
calls=1000 0 
0 106000

fn=(8026) 0x00000000001092e0
0 2000
cob=(2)
cfi=(4)
cfn=(6960) EVP_DigestVerify
calls=1000 0 
0 1551224000

fn=(56) 0x000000000490aee0
0 326000
cob=(4)
cfi=(9) ./nptl/./nptl/pthread_getspecific.c
cfn=(58) pthread_getspecific@@GLIBC_2.34
calls=163000 24 
0 2554000

fn=(7386) 0x000000000490add0
0 32000
cob=(4)
cfi=(14)
cfn=(204)
calls=16000 255 
0 192000

fn=(7980) 0x0000000000109440
0 2000
cob=(2)
cfi=(4)
cfn=(7982) X509_STORE_CTX_free
calls=1000 0 
0 1102038

fn=(1982) 0x000000000490ae40
0 136000
cob=(4)
cfi=(20) ./csu/./csu/errno-loc.c
cfn=(1984) __errno_location
calls=68000 25 
0 272000

fn=(4542) 0x00000000001093c0
0 2000
cob=(4)
cfi=(23) ./stdlib/./stdlib/getenv.c
cfn=(4544) getenv
calls=1000 24 
0 328000

fn=(4550) 0x00000000001092d0
0 2000
cob=(4)
cfi=(24) ./libio/./libio/iofopen.c
cfn=(4552) fopen@@GLIBC_2.2.5
calls=1000 85 
0 463000

fn=(4708) 0x0000000000109430
0 2000
cob=(4)
cfi=(37) ./libio/./libio/iofclose.c
cfn=(4710) fclose@@GLIBC_2.2.5
calls=1000 34 
0 585968

fn=(4724) 0x0000000004d933e0
0 4000
cob=(4)
cfi=(5)
cfn=(112)
calls=2000 3359 
0 252968

fn=(4) 0x0000000000109370
0 2000
cob=(2)
cfi=(4)
cfn=(6) BIO_new_mem_buf
calls=1000 0 
0 995142

fn=(18) 0x000000000490aab0
0 2324000
cob=(4)
cfi=(5)
cfn=(20)
calls=1162000 3294 
0 64121733

fn=(2516) 0x000000000490b030
0 40000
cob=(4)
cfi=(5)
cfn=(2518) realloc
calls=20000 3407 
0 7039742

fn=(4732) 0x00000000001093e0
0 2000
cob=(2)
cfi=(4)
cfn=(4734) X509_STORE_new
calls=1000 0 
0 1155860

fn=(4800) 0x0000000000109330
0 2000
cob=(2)
cfi=(4)
cfn=(4802) X509_STORE_CTX_init
calls=1000 0 
0 1314000

fn=(5772) 0x000000000490b0e0
0 12000
cob=(4)
cfi=(39) ./time/../sysdeps/unix/sysv/linux/time.c
cfn=(5774) time_syscall
calls=6000 31 
0 36000

fn=(7998) 0x0000000000109310
0 2000
cob=(2)
cfi=(4)
cfn=(8000) X509_STORE_free
calls=1000 0 
0 1306924

fn=(8008) 0x0000000000109420
0 2000
cob=(2)
cfi=(4)
cfn=(6490) EVP_DigestVerifyInit
calls=1000 0 
0 17465772

fn=(8046) 0x0000000000109410
0 4000
cob=(2)
cfi=(4)
cfn=(7986) X509_free
calls=2000 0 
0 25972466

fn=(4576) 0x0000000004d93680
0 2000
cob=(4)
cfi=(30) ./string/../sysdeps/x86_64/multiarch/strchr-avx2.S
cfn=(4578) __strchr_avx2
calls=1000 53 
0 21000

fn=(230) 0x000000000490aaa0
0 80000
cob=(4)
cfi=(15)
cfn=(232)
calls=40000 206 
0 1288318

fn=(2524) 0x0000000004d936b0
0 54504
cob=(4)
cfi=(14)
cfn=(204)
calls=27252 255 
0 522922

fn=(4540) 0x0000000000109450
0 2000
cob=(2)
cfi=(4)
cfn=(416) BIO_free
calls=1000 0 
0 938116

fn=(148) 0x00000000001094b0
0 2000
cob=(2)
cfi=(4)
cfn=(150) PEM_read_bio_X509
calls=1000 0 
0 750863937

fn=(4580) 0x0000000000109350
0 2000
cob=(2)
cfi=(4)
cfn=(4582) PEM_read_X509
calls=1000 0 
0 770221704

fn=(4608) 0x000000000490ab40
0 20000
cob=(4)
cfi=(31) ./libio/./libio/iofgets.c
cfn=(4610) fgets
calls=10000 32 
0 3975436

fn=(100) 0x000000000490ad60
0 7122000
cob=(4)
cfi=(12) ./nptl/./nptl/pthread_rwlock_unlock.c
cfn=(102) pthread_rwlock_unlock@@GLIBC_2.34
calls=3561000 30 
0 146163000

fn=(444) 0x000000000490a950
0 54000
cob=(4)
cfi=(18) ./nptl/./nptl/pthread_rwlock_destroy.c
cfn=(446) pthread_rwlock_destroy@@GLIBC_2.34
calls=27000 24 
0 108000

fn=(8042) 0x00000000001093d0
0 2000
cob=(2)
cfi=(4)
cfn=(5372) EVP_MD_CTX_free
calls=1000 0 
0 707000

ob=(2)
fl=(4)
fn=(32) CRYPTO_new_ex_data
0 408000
cfn=(36) 0x000000000021ef30
calls=24000 0 
0 1728000
0 168000
cfn=(70) 0x00000000002213e0
calls=24000 0 
0 1800000
0 168000
cfn=(92) OPENSSL_sk_num
calls=24000 0 
0 144000
0 600000
cfn=(98) CRYPTO_THREAD_unlock
calls=24000 0 
0 1320000
0 96000
cfn=(108) CRYPTO_free
calls=24000 0 
0 264000
0 168000

fn=(54) CRYPTO_THREAD_get_local
0 489000
cob=(3)
cfi=(3)
cfn=(56)
calls=163000 0 
0 2880000

fn=(70)
0 588000
cfn=(76) CRYPTO_THREAD_write_lock
calls=49000 0 
0 2597000
0 490000

fn=(430) BUF_MEM_free
0 341000
cfn=(108)
calls=17000 0 
0 1669304
0 18000
cfn=(288) CRYPTO_clear_free
calls=6000 0 
0 1614000
0 6000

fn=(512) 0x00000000000de5f0
0 5620000
cfn=(520) ASN1_get_object
calls=85000 0 
0 5791000
0 4878000

fn=(798) 0x000000000038bfc0
0 40000
cfn=(14) CRYPTO_zalloc
calls=2000 0 
0 188000
0 26000
cfn=(108)
calls=2000 0 
0 22000
0 14000
cfn=(806) X509_ALGOR_new
calls=2000 0 
0 1024000
0 38000
cfn=(818) ASN1_BIT_STRING_new
calls=2000 0 
0 246000
0 6000

fn=(986) 0x00000000000e0590
0 87000
cfn=(512)
calls=1000 0 
0 177000
0 25000
cfn=(836) X509_EXTENSION_it
calls=3000 0 
0 9000
0 42000
cfn=(495) 0x00000000000df880'2
calls=3000 0 
0 11119630
0 30000
cfn=(1394) OPENSSL_sk_push
calls=3000 0 
0 333000
0 76000
cfn=(656) ASN1_INTEGER_it
calls=1000 0 
0 3000
0 15000
cfn=(495)
calls=1000 0 
0 756000
0 14000
cfn=(764) OPENSSL_sk_new_null
calls=1000 0 
0 128000
0 5000

fn=(1094) 0x00000000000cc070
0 60000
cfn=(1096) 0x00000000000cb8d0
calls=3000 0 
0 83000
0 32000
cfn=(1118) ASN1_STRING_set
calls=2000 0 
0 226000
0 19000
cfn=(1096)
calls=3000 0 
0 432000
0 76000
cfn=(4662) ASN1_INTEGER_new
calls=1000 0 
0 123000
0 8000
cfn=(1118)
calls=1000 0 
0 110000
0 8000

fn=(1510) OBJ_dup
0 96000

fn=(1722) ASN1_object_size
0 1546000

fn=(1832) 0x000000000038af50
0 12000
cfn=(933) OPENSSL_sk_pop_free'2
calls=4000 0 
0 4111178

fn=(2012) ENGINE_get_pkey_meth_engine
0 64000
cfn=(1188) OPENSSL_init_crypto
calls=4000 0 
0 236000
0 88000

fn=(2118) CRYPTO_get_ex_data
0 9614000
cfn=(92)
calls=874000 0 
0 5244000
0 6992000
cfn=(1454) OPENSSL_sk_value
calls=874000 0 
0 11362000

fn=(2184) 0x000000000022ed70
0 54000
cfn=(2094) CRYPTO_THREAD_read_lock
calls=6000 0 
0 258000
0 96000
cfn=(98)
calls=6000 0 
0 318000
0 24000

fn=(2204) OPENSSL_sk_dup
0 78000
cfn=(16) CRYPTO_malloc
calls=6000 0 
0 342000
0 102000
cfn=(16)
calls=6000 0 
0 756237
0 48000
cob=(3)
cfi=(3)
cfn=(202)
calls=6000 0 
0 90000
0 60000

fn=(2250) 0x000000000021f100
0 186000
cfn=(2290) 0x000000000021f630
calls=6000 0 
0 1026000
0 54000
cfn=(2322) 0x000000000021f4e0
calls=6000 0 
0 3150000
0 30000
cfn=(2338) 0x000000000022f340
calls=6000 0 
0 54000
0 84000
cfn=(2256) 0x000000000022f310
calls=6000 0 
0 114000
0 36000
cfn=(2268) 0x000000000021f470
calls=6000 0 
0 3192000
0 156000

fn=(2560) 0x000000000022e440
0 4752000

fn=(2586) CRYPTO_strndup
0 10192000
cfn=(2588) OPENSSL_strnlen
calls=784000 0 
0 24044000
0 3920000
cfn=(16)
calls=784000 0 
0 42765056
0 5488000
cob=(3)
cfi=(3)
cfn=(202)
calls=784000 0 
0 15154000
0 10192000

fn=(2688) 0x000000000021f900
0 17592000

fn=(2700) 0x00000000001cb7f0
0 20000
cfn=(1394)
calls=4000 0 
0 510000

fn=(2868) 0x00000000003aa700
0 28000

fn=(2972) 0x00000000003ab920
0 26000

fn=(3044) 0x00000000003ab490
0 28000

fn=(3102) 0x0000000000308e70
0 60000
cfn=(3104) OPENSSL_LH_strhash
calls=20000 0 
0 3340000

fn=(3374) BIO_up_ref
0 36000

fn=(3462) BIO_set_init
0 40000

fn=(3492) BIO_get_data
0 48000

fn=(3578) 0x00000000003e14b0
0 36000

fn=(3584) 0x000000000038c530
0 34000
cfn=(14)
calls=2000 0 
0 190875
0 20000
cfn=(493) ASN1_item_d2i_ex'2
calls=2000 0 
0 7610957
0 30000

fn=(3670) OSSL_PARAM_get_utf8_string
0 60000
cfn=(3672) 0x0000000000227fe0
calls=4000 0 
0 540000
0 88000

fn=(3732) OSSL_PARAM_get_utf8_ptr
0 44000

fn=(3772) 0x00000000003a9ef0
0 66000
cfn=(3448) 0x00000000003bc670
calls=2000 0 
0 10148699
0 16000
cfn=(108)
calls=2000 0 
0 184000
0 20000
cfn=(3638) OSSL_PARAM_construct_int
calls=2000 0 
0 22000
0 24000
cfn=(3628) OSSL_PARAM_construct_utf8_string
calls=2000 0 
0 98000
0 22000
cfn=(3634) OSSL_PARAM_construct_octet_string
calls=2000 0 
0 24000
0 16000
cfn=(3642) OSSL_PARAM_construct_end
calls=2000 0 
0 18000
0 18000
cfn=(3347) 0x00000000001c9640'2
calls=2000 0 
0 59021489
0 8000
cfn=(4124) 0x00000000001c6680
calls=2000 0 
0 18000
0 8000
cfn=(108)
calls=2000 0 
0 22000
0 36000
cfn=(1978) ERR_set_mark
calls=2000 0 
0 394000
0 10000
cfn=(3540) ERR_pop_to_mark
calls=2000 0 
0 420000
0 38000
cfn=(3792) 0x000000000038d920
calls=2000 0 
0 18724776
0 16000
cfn=(4162) 0x00000000003aa630
calls=2000 0 
0 48000
0 2000

fn=(3972) EVP_PKEY_type
0 48000
cfn=(3860) EVP_PKEY_asn1_find
calls=4000 0 
0 1292000
0 20000
cfn=(3850) ENGINE_finish
calls=4000 0 
0 80000
0 36000

fn=(3994) OSSL_DECODER_CTX_free
0 32000
cfn=(4496) 0x00000000001cb8c0
calls=2000 0 
0 2023262
0 6000
cfn=(932) OPENSSL_sk_pop_free
calls=2000 0 
0 2797478
0 4000
cfn=(4514) 0x000000000022a6a0
calls=2000 0 
0 100000
0 12000
cfn=(108)
calls=2000 0 
0 219701
0 10000

fn=(4034) X509_ALGOR_free
0 28000
cfn=(728) X509_ALGOR_it
calls=4000 0 
0 12000
0 20000
cfn=(865) ASN1_item_free'2
calls=4000 0 
0 2229323

fn=(4062) 0x000000000020cf90
0 14000
cfn=(4066) EVP_PKEY_get_base_id
calls=2000 0 
0 744000
0 8000
cfn=(4072) 0x000000000020cbc0
calls=2000 0 
0 62000
0 10000
cfn=(4086) 0x00000000001c6730
calls=2000 0 
0 18000
0 26000

fn=(4122) 0x00000000001c69d0
0 52000

fn=(4802)
0 14000
cfn=(4804) X509_STORE_CTX_cleanup
calls=1000 0 
0 336000
0 69000
cfn=(4738) X509_VERIFY_PARAM_new
calls=1000 0 
0 125000
0 6000
cfn=(4808) X509_VERIFY_PARAM_inherit
calls=1000 0 
0 79000
0 5000
cfn=(4810) X509_STORE_CTX_set_default
calls=1000 0 
0 324000
0 10000
cfn=(32)
calls=1000 0 
0 286000
0 25000
cfn=(4816) X509_PURPOSE_get_by_id
calls=1000 0 
0 23000
0 2000
cfn=(4818) X509_PURPOSE_get0
calls=1000 0 
0 8000
0 2000

fn=(4806) X509_policy_tree_free
0 16000

fn=(4890) X509_get_issuer_name
0 20000

fn=(5186) EVP_MD_CTX_clear_flags
0 28000

fn=(5260) SHA1_Init
0 26000

fn=(5356) 0x00000000003a8f20
0 24000
cfn=(4234) 0x000000000038fb00
calls=2000 0 
0 6000
0 34000
cfn=(5364) SHA1_Final
calls=2000 0 
0 3082000
0 10000

fn=(5374) EVP_MD_CTX_reset
0 60000
cfn=(5376) EVP_MD_CTX_test_flags
calls=6000 0 
0 36000
0 36000
cfn=(5380) 0x00000000001e3880
calls=6000 0 
0 1494000
0 18000
cfn=(290) OPENSSL_cleanse
calls=6000 0 
0 324000
0 52000
cfn=(5378) EVP_PKEY_CTX_free
calls=5000 0 
0 470000
0 10000

fn=(5498) BASIC_CONSTRAINTS_free
0 7000
cfn=(5486) BASIC_CONSTRAINTS_it
calls=1000 0 
0 3000
0 5000
cfn=(864) ASN1_item_free
calls=1000 0 
0 520000

fn=(5636) X509_get_ext_count
0 15000
cfn=(5638) X509v3_get_ext_count
calls=5000 0 
0 83000

fn=(5644) X509_get_ext
0 9000
cfn=(5646) X509v3_get_ext
calls=3000 0 
0 117000

fn=(5792) 0x00000000000d11c0
0 228000
cfn=(5810) BIO_snprintf
calls=6000 0 
0 19551364
0 156000
cfn=(5798) ASN1_STRING_new
calls=6000 0 
0 738000
0 42000
cfn=(1118)
calls=6000 0 
0 724896
0 12000

fn=(5840) 0x00000000002209b0
0 504000

fn=(6046) OPENSSL_gmtime_diff
0 114000
cfn=(6048) 0x0000000000225860
calls=6000 0 
0 492000
0 132000
cfn=(6048)
calls=6000 0 
0 492000
0 129000

fn=(128) 0x00000000000f7cf0
0 117000
cfn=(14)
calls=9000 0 
0 849306
0 45000
cfn=(136) BUF_MEM_new_ex
calls=9000 0 
0 1163326
0 63000
cfn=(14)
calls=9000 0 
0 1058236
0 225000

fn=(136)
0 63000
cfn=(138) BUF_MEM_new
calls=9000 0 
0 1037326
0 63000

fn=(248) 0x00000000000f82c0
0 238000
cfn=(176) BIO_clear_flags
calls=14000 0 
0 84000
0 182000
cfn=(278) BUF_MEM_grow_clean
calls=14000 0 
0 3958000
0 112000
cob=(3)
cfi=(3)
cfn=(202)
calls=14000 0 
0 316000
0 280000
cfn=(268) 0x00000000000f7e80
calls=14000 0 
0 294000
0 140000
cob=(3)
cfi=(3)
cfn=(250)
calls=14000 0 
0 368000
0 98000

fn=(394) 0x00000000000ef250
0 110000
cfn=(190) 0x00000000000f7d10
calls=10000 0 
0 732436
0 130000

fn=(896) 0x00000000000e2660
0 945000
cfn=(92)
calls=3000 0 
0 18000
0 12000
cfn=(440) OPENSSL_sk_free
calls=3000 0 
0 21000
0 768000
cfn=(4694) ASN1_OCTET_STRING_it
calls=1000 0 
0 3000
cfn=(636) X509_CINF_it
calls=2000 0 
0 6000
cfn=(5488) ASN1_FBOOLEAN_it
calls=1000 0 
0 3000
cfn=(4690) ASN1_BOOLEAN_it
calls=2000 0 
0 6000
cfn=(728)
calls=4000 0 
0 12000
cfn=(834) ASN1_BIT_STRING_it
calls=8000 0 
0 24000
cfn=(734) ASN1_OBJECT_it
calls=6000 0 
0 18000
cfn=(1338) ASN1_PRINTABLE_it
calls=4000 0 
0 12000
cfn=(746) ASN1_ANY_it
calls=12000 0 
0 36000
cfn=(656)
calls=5000 0 
0 15000
0 180000
cfn=(867) 0x00000000000e22e0'2
calls=26000 0 
0 25644207
cfn=(866) 0x00000000000e22e0
calls=19000 0 
0 1138000
0 45000

fn=(897) 0x00000000000e2660'2
0 1123000
cfn=(1454)
calls=3000 0 
0 39000
0 6000
cfn=(836)
calls=3000 0 
0 9000
0 12000
cfn=(867)
calls=3000 0 
0 2534089
0 10000
cfn=(92)
calls=5000 0 
0 30000
0 14000
cfn=(440)
calls=2000 0 
0 253000
0 912000
cfn=(656)
calls=4000 0 
0 12000
cfn=(728)
calls=2000 0 
0 6000
cfn=(780) ASN1_TIME_it
calls=4000 0 
0 12000
cfn=(778) X509_VAL_it
calls=2000 0 
0 6000
cfn=(1338)
calls=4000 0 
0 12000
cfn=(750) X509_NAME_it
calls=4000 0 
0 12000
cfn=(794) X509_PUBKEY_it
calls=2000 0 
0 6000
cfn=(834)
calls=4000 0 
0 12000
cfn=(4690)
calls=3000 0 
0 9000
cfn=(4694)
calls=3000 0 
0 9000
cfn=(734)
calls=15000 0 
0 45000
cfn=(746)
calls=8000 0 
0 24000
0 220000
cfn=(867)
calls=55000 0 
0 20380013
0 55000

fn=(1176) 0x00000000000cdf40
0 544000
cfn=(1186) OBJ_obj2nid
calls=17000 0 
0 8804889
0 68000
cfn=(740) OBJ_nid2obj
calls=17000 0 
0 493000
0 85000
cfn=(1236) ASN1_OBJECT_free
calls=17000 0 
0 391000
0 306000

fn=(1236)
0 874000

fn=(1292) ASN1_item_ex_d2i
0 168000
cfn=(495)
calls=8000 0 
0 31986138
0 112000

fn=(1360) ASN1_tag2bit
0 108000

fn=(1398) 0x000000000034cb10
0 3331000
cfn=(1120) CRYPTO_realloc
calls=20000 0 
0 7319742
0 2251000
cfn=(14)
calls=31000 0 
0 4058223
0 313000

fn=(6442) 0x000000000020fe10
0 36000
cfn=(6388) 0x000000000020a690
calls=2000 0 
0 1034000
0 14000

fn=(6488) EVP_PKEY_CTX_get0_pkey
0 4000

fn=(6760) 0x0000000000226120
0 48000
cfn=(6762) 0x0000000000226040
calls=6000 0 
0 348000
0 90000

fn=(6838) 0x0000000000226590
0 36000
cfn=(108)
calls=2000 0 
0 184063
0 42000

fn=(6960)
0 364000
cfn=(6980) 0x0000000000168950
calls=2000 0 
0 690000
0 12000
cfn=(6994) 0x0000000000167ff0
calls=2000 0 
0 1182000
0 190000
cfn=(6980)
calls=2000 0 
0 690000
0 8000
cfn=(6994)
calls=2000 0 
0 1182000
0 8000
cfn=(6980)
calls=2000 0 
0 690000
0 8000
cfn=(6994)
calls=2000 0 
0 1182000
0 8000
cfn=(6994)
calls=2000 0 
0 1182000
0 14000
cfn=(6980)
calls=2000 0 
0 690000
0 6000
cfn=(6980)
calls=2000 0 
0 690000
0 6000
cfn=(6980)
calls=2000 0 
0 690000
0 8000
cfn=(6994)
calls=2000 0 
0 1182000
0 8000
cfn=(6994)
calls=2000 0 
0 1182000
0 6000
cfn=(6980)
calls=2000 0 
0 690000
0 8000
cfn=(6994)
calls=2000 0 
0 1182000
0 8000
cfn=(6980)
calls=2000 0 
0 690000
0 24000
cfn=(6980)
calls=8000 0 
0 2760000
0 26000
cfn=(6994)
calls=2000 0 
0 1182000
0 8000
cfn=(6980)
calls=2000 0 
0 690000
0 8000
cfn=(6980)
calls=2000 0 
0 690000
0 48000
cfn=(6980)
calls=16000 0 
0 5520000
0 48000
cfn=(6994)
calls=2000 0 
0 1182000
0 6000
cfn=(6980)
calls=2000 0 
0 690000
0 8000
cfn=(6980)
calls=2000 0 
0 690000
0 108000
cfn=(6980)
calls=36000 0 
0 12420000
0 86000
cfn=(6994)
calls=2000 0 
0 1182000
0 6000
cfn=(6980)
calls=2000 0 
0 690000
0 8000
cfn=(6980)
calls=2000 0 
0 690000
0 48000
cfn=(6980)
calls=16000 0 
0 5520000
0 46000
cfn=(6994)
calls=2000 0 
0 1182000
0 8000
cfn=(6980)
calls=2000 0 
0 690000
0 8000
cfn=(6980)
calls=2000 0 
0 690000
0 288000
cfn=(6980)
calls=96000 0 
0 33120000
0 206000
cfn=(6994)
calls=2000 0 
0 1182000
0 6000
cfn=(6980)
calls=2000 0 
0 690000
0 8000
cfn=(6980)
calls=2000 0 
0 690000
0 588000
cfn=(6980)
calls=196000 0 
0 67620000
0 406000
cfn=(6994)
calls=2000 0 
0 1182000
0 6000
cfn=(6980)
calls=2000 0 
0 690000
0 8000
cfn=(6980)
calls=2000 0 
0 690000
0 288000
cfn=(6980)
calls=96000 0 
0 33120000
0 206000
cfn=(6994)
calls=2000 0 
0 1182000
0 6000
cfn=(6980)
calls=2000 0 
0 690000
0 8000
cfn=(6980)
calls=2000 0 
0 690000
0 10000
cfn=(6994)
calls=2000 0 
0 1182000
0 8000
cfn=(6994)
calls=2000 0 
0 1182000
0 8000
cfn=(6994)
calls=2000 0 
0 1182000
0 6000
cfn=(6980)
calls=2000 0 
0 690000
0 8000
cfn=(6994)
calls=2000 0 
0 1182000
0 84000
cfn=(7134) 0x0000000000167d40
calls=2000 0 
0 428000
0 8000
cfn=(7144) CRYPTO_memcmp
calls=2000 0 
0 468000
0 43000
cfn=(7134)
calls=1000 0 
0 214000
0 4000
cfn=(7144)
calls=1000 0 
0 234000
0 6000
cfn=(6994)
calls=1000 0 
0 591000
0 10000
cfn=(7134)
calls=2000 0 
0 428000
0 62000
cfn=(6994)
calls=2000 0 
0 1182000
0 156000
cfn=(5076) EVP_MD_fetch
calls=2000 0 
0 4802000
0 8000
cfn=(5176)
calls=2000 0 
0 212000
0 16000
cfn=(5180) EVP_DigestInit_ex
calls=2000 0 
0 804000
0 12000
cfn=(5274) EVP_DigestUpdate
calls=2000 0 
0 166000
0 10000
cfn=(5226) EVP_MD_free
calls=2000 0 
0 30000
0 4000
cfn=(5372)
calls=2000 0 
0 1160000
0 48000
cfn=(5274)
calls=2000 0 
0 168000
0 14000
cfn=(5274)
calls=2000 0 
0 15683000
0 14000
cfn=(5352) EVP_DigestFinal_ex
calls=2000 0 
0 9246000
0 10000
cfn=(7286) 0x0000000000169310
calls=2000 0 
0 1464000
0 10000
cfn=(7314) 0x0000000000169150
calls=2000 0 
0 17400000
0 8000
cfn=(7314)
calls=2000 0 
0 17252000
0 6000
cfn=(7376) 0x000000000016b0e0
calls=2000 0 
0 1490000
0 44000
cfn=(7392) 0x000000000016b150
calls=2000 0 
0 3248000
0 12000
cfn=(6994)
calls=2000 0 
0 1182000
0 12000
cfn=(6994)
calls=2000 0 
0 1182000
0 8000
cfn=(6994)
calls=2000 0 
0 1182000
0 8000
cfn=(6994)
calls=2000 0 
0 1182000
0 8000
cfn=(7442) 0x000000000016b990
calls=2000 0 
0 5424000
0 8000
cfn=(6994)
calls=2000 0 
0 1182000
0 12000
cfn=(6994)
calls=2000 0 
0 1182000
0 12000
cfn=(6994)
calls=2000 0 
0 1182000
0 16000
cfn=(6994)
calls=2000 0 
0 1182000
0 6000
cfn=(7376)
calls=2000 0 
0 1490000
0 10000
cfn=(7442)
calls=2000 0 
0 5424000
0 8000
cfn=(6994)
calls=2000 0 
0 1182000
0 8000
cfn=(6994)
calls=2000 0 
0 1182000
0 8000
cfn=(6994)
calls=2000 0 
0 1182000
0 12000
cfn=(6994)
calls=2000 0 
0 1182000
0 6000
cfn=(7376)
calls=2000 0 
0 1490000
0 10000
cfn=(7442)
calls=2000 0 
0 5424000
0 8000
cfn=(6994)
calls=2000 0 
0 1182000
0 8000
cfn=(6994)
calls=2000 0 
0 1182000
0 8000
cfn=(6994)
calls=2000 0 
0 1182000
0 12000
cfn=(6994)
calls=2000 0 
0 1182000
0 6000
cfn=(7376)
calls=2000 0 
0 1490000
0 10000
cfn=(7442)
calls=2000 0 
0 5424000
0 8000
cfn=(6994)
calls=2000 0 
0 1182000
0 8000
cfn=(6994)
calls=2000 0 
0 1182000
0 8000
cfn=(6994)
calls=2000 0 
0 1182000
0 12000
cfn=(6994)
calls=2000 0 
0 1182000
0 6000
cfn=(7376)
calls=2000 0 
0 1490000
0 10000
cfn=(7442)
calls=2000 0 
0 5424000
0 8000
cfn=(6994)
calls=2000 0 
0 1182000
0 8000
cfn=(6994)
calls=2000 0 
0 1182000
0 8000
cfn=(6994)
calls=2000 0 
0 1182000
0 12000
cfn=(6994)
calls=2000 0 
0 1182000
0 6000
cfn=(7376)
calls=2000 0 
0 1490000
0 10000
cfn=(7442)
calls=2000 0 
0 5424000
0 8000
cfn=(6994)
calls=2000 0 
0 1182000
0 8000
cfn=(6994)
calls=2000 0 
0 1182000
0 8000
cfn=(6994)
calls=2000 0 
0 1182000
0 12000
cfn=(6994)
calls=2000 0 
0 1182000
0 6000
cfn=(7376)
calls=2000 0 
0 1490000
0 10000
cfn=(7442)
calls=2000 0 
0 5424000
0 10000
cfn=(6994)
calls=2000 0 
0 1182000
0 8000
cfn=(6994)
calls=2000 0 
0 1182000
0 8000
cfn=(6994)
calls=2000 0 
0 1182000
0 8000
cfn=(6994)
calls=2000 0 
0 1182000
0 6000
cfn=(7376)
calls=2000 0 
0 1490000
0 5567000
cfn=(6994)
calls=502000 0 
0 296682000
0 2510000
cfn=(6994)
calls=502000 0 
0 296682000
0 2008000
cfn=(6994)
calls=502000 0 
0 296682000
0 3514000
cfn=(7392)
calls=502000 0 
0 815248000
0 2670000
cfn=(6994)
calls=40000 0 
0 23640000
0 160000
cfn=(6994)
calls=40000 0 
0 23640000
0 160000
cfn=(6994)
calls=40000 0 
0 23640000
0 160000
cfn=(6994)
calls=40000 0 
0 23640000
0 400000
cfn=(7442)
calls=40000 0 
0 108480000
0 220000
cfn=(6994)
calls=45000 0 
0 26595000
0 180000
cfn=(6994)
calls=45000 0 
0 26595000
0 180000
cfn=(6994)
calls=45000 0 
0 26595000
0 180000
cfn=(6994)
calls=45000 0 
0 26595000
0 495000
cfn=(7612) 0x000000000016b820
calls=45000 0 
0 95130000
0 205000
cfn=(6994)
calls=40000 0 
0 23640000
0 160000
cfn=(6994)
calls=40000 0 
0 23640000
0 160000
cfn=(6994)
calls=40000 0 
0 23640000
0 200000
cfn=(6994)
calls=40000 0 
0 23640000
0 4040000
cfn=(6994)
calls=40000 0 
0 23640000
0 200000
cfn=(6994)
calls=40000 0 
0 23640000
0 200000
cfn=(6994)
calls=40000 0 
0 23640000
0 7744000
cfn=(6994)
calls=46000 0 
0 27186000
0 184000
cfn=(6994)
calls=46000 0 
0 27186000
0 184000
cfn=(6994)
calls=46000 0 
0 27186000
0 184000
cfn=(6994)
calls=46000 0 
0 27186000
0 4692000
cfn=(6994)
calls=46000 0 
0 27186000
0 230000
cfn=(6994)
calls=46000 0 
0 27186000
0 230000
cfn=(6994)
calls=46000 0 
0 27186000
0 230000
cfn=(6994)
calls=46000 0 
0 27186000
0 8702000
cfn=(7742) 0x0000000000169090
calls=2000 0 
0 194254000
0 8000
cfn=(7144)
calls=2000 0 
0 468000
0 104000
cfn=(4234)
calls=2000 0 
0 6000
0 36000

fn=(7144)
0 1170000

fn=(8000)
0 20000
cfn=(92)
calls=1000 0 
0 6000
0 4000
cfn=(440)
calls=1000 0 
0 123080
0 3000
cfn=(932)
calls=1000 0 
0 465166
0 4000
cfn=(438) CRYPTO_free_ex_data
calls=1000 0 
0 289000
0 2000
cfn=(7984) X509_VERIFY_PARAM_free
calls=1000 0 
0 173000
0 2000
cfn=(442) CRYPTO_THREAD_lock_free
calls=1000 0 
0 114678
0 9000
cfn=(108)
calls=1000 0 
0 92000

fn=(38) 0x000000000021ea30
0 6651000
cfn=(42) CRYPTO_THREAD_run_once
calls=95000 0 
0 1805000
0 665000
cfn=(54)
calls=95000 0 
0 1805000
0 665000

fn=(92)
0 7752000

fn=(176)
0 240000

fn=(764)
0 144000
cfn=(766) OPENSSL_sk_new_reserve
calls=36000 0 
0 4984967

fn=(932)
0 1108000
cfn=(1828) X509_NAME_ENTRY_free
calls=4000 0 
0 3380000
cfn=(6080) X509_OBJECT_free
calls=1000 0 
0 226000
cfn=(7986)
calls=2000 0 
0 228000
cfn=(3300) 0x00000000001c8b60
calls=8000 0 
0 2195501
cfn=(4422) EVP_KEYMGMT_free
calls=36000 0 
0 792000
cfn=(3310) OSSL_DECODER_free
calls=78000 0 
0 1716000
cfn=(1920) 0x000000000038ae80
calls=4000 0 
0 910447
cfn=(1832)
calls=4000 0 
0 4123178
0 579000
cfn=(440)
calls=24000 0 
0 5150488
0 68000

fn=(933)
0 84000
cfn=(1828)
calls=4000 0 
0 3171178
0 40000
cfn=(440)
calls=4000 0 
0 816000

fn=(1874) 0x00000000000d5760
0 484000
cfn=(108)
calls=29000 0 
0 2958639
0 212000
cfn=(108)
calls=22000 0 
0 2255000

fn=(1920)
0 8000
cfn=(440)
calls=4000 0 
0 902447

fn=(1980) 0x00000000001d5870
0 680000
cob=(3)
cfi=(3)
cfn=(1982)
calls=68000 0 
0 408000
0 340000
cfn=(1188)
calls=68000 0 
0 5984000
0 340000
cfn=(42)
calls=68000 0 
0 1292000
0 544000
cfn=(54)
calls=68000 0 
0 1564000
0 1224000

fn=(2050) OSSL_DECODER_CTX_set_input_type
0 18000

fn=(2290)
0 144000
cfn=(2296) 0x000000000022f490
calls=6000 0 
0 840000
0 42000

fn=(2470) 0x0000000000305cd0
0 1628000
cfn=(92)
calls=148000 0 
0 888000
0 1332000
cfn=(1454)
calls=148000 0 
0 1924000
0 432000
cfn=(1454)
calls=108000 0 
0 1404000
0 1024000
cfn=(2778) 0x00000000001ca020
calls=156000 0 
0 163326424
cfn=(2478) 0x00000000001fa4c0
calls=100000 0 
0 8065917
0 1992000

fn=(2492) EVP_KEYMGMT_up_ref
0 220000

fn=(2588)
0 24044000

fn=(2594) OPENSSL_LH_retrieve
0 9744000
cfn=(2596) 0x000000000021d4d0
calls=812000 0 
0 299054000
0 9584000

fn=(2598) 0x000000000021f8b0
0 14896000
cfn=(1604) 0x0000000000220a10
calls=784000 0 
0 8624000
0 2300000
cfn=(1604)
calls=2300000 0 
0 25300000
0 76524000

fn=(2778)
0 624000
cfn=(3172) OSSL_DECODER_up_ref
calls=78000 0 
0 390000
0 936000
cfn=(1394)
calls=78000 0 
0 10897825
0 1716000
cfn=(2782) OSSL_DECODER_get0_provider
calls=78000 0 
0 624000
0 156000
cfn=(2786) OSSL_PROVIDER_get0_provider_ctx
calls=78000 0 
0 624000
0 990000
cfn=(3220) 0x00000000003ab350
calls=2000 0 
0 28000
cfn=(3212) 0x00000000003ab300
calls=2000 0 
0 26000
cfn=(3204) 0x00000000003ab3f0
calls=2000 0 
0 28000
cfn=(3196) 0x00000000003ab3a0
calls=2000 0 
0 26000
cfn=(3044)
calls=2000 0 
0 28000
cfn=(3036) 0x00000000003ab440
calls=2000 0 
0 26000
cfn=(3028) 0x00000000003ab530
calls=2000 0 
0 28000
cfn=(3020) 0x00000000003ab4e0
calls=2000 0 
0 26000
cfn=(3012) 0x00000000003ab5d0
calls=2000 0 
0 28000
cfn=(3004) 0x00000000003ab580
calls=2000 0 
0 26000
cfn=(2996) 0x00000000003ab8d0
calls=2000 0 
0 30000
cfn=(2988) 0x00000000003ab880
calls=2000 0 
0 30000
cfn=(2980) 0x00000000003ab970
calls=2000 0 
0 28000
cfn=(2972)
calls=2000 0 
0 26000
cfn=(2964) 0x00000000003ab170
calls=2000 0 
0 28000
cfn=(2956) 0x00000000003ab120
calls=2000 0 
0 26000
cfn=(2948) 0x00000000003ab670
calls=2000 0 
0 30000
cfn=(2940) 0x00000000003ab620
calls=2000 0 
0 30000
cfn=(2932) 0x00000000003ab710
calls=2000 0 
0 28000
cfn=(2924) 0x00000000003ab6c0
calls=2000 0 
0 26000
cfn=(2916) 0x00000000003ab7a0
calls=2000 0 
0 24000
cfn=(2908) 0x00000000003ab760
calls=2000 0 
0 24000
cfn=(2900) 0x00000000003ab830
calls=2000 0 
0 28000
cfn=(2892) 0x00000000003ab7e0
calls=2000 0 
0 26000
cfn=(2884) 0x00000000003aba10
calls=2000 0 
0 30000
cfn=(2876) 0x00000000003ab9c0
calls=2000 0 
0 30000
cfn=(2868)
calls=2000 0 
0 28000
cfn=(2860) 0x00000000003aba60
calls=2000 0 
0 26000
cfn=(2858) 0x00000000003acbe0
calls=4000 0 
0 36000
cfn=(2854) 0x00000000003abf80
calls=4000 0 
0 36000
cfn=(2846) 0x00000000003ab210
calls=2000 0 
0 30000
cfn=(2838) 0x00000000003ab1c0
calls=2000 0 
0 30000
cfn=(2814) 0x00000000003ab2b0
calls=2000 0 
0 28000
cfn=(2800) 0x00000000003ab260
calls=2000 0 
0 26000
0 212000
cfn=(92)
calls=34000 0 
0 204000
0 6000
cfn=(92)
calls=6000 0 
0 36000
0 622000
cfn=(1454)
calls=78000 0 
0 1014000
0 234000
cfn=(2830) OSSL_DECODER_is_a
calls=78000 0 
0 133200000
0 160000
cfn=(3054) 0x00000000003aae00
calls=2000 0 
0 230000
0 12000
cfn=(3064) 0x00000000001c8bd0
calls=2000 0 
0 7802000
0 12000
cfn=(3182) 0x00000000001c8e10
calls=2000 0 
0 690599
0 980000

fn=(2876)
0 30000

fn=(2884)
0 30000

fn=(2892)
0 26000

fn=(2932)
0 28000

fn=(3182)
0 80000
cfn=(1394)
calls=8000 0 
0 850599
0 76000
cfn=(764)
calls=2000 0 
0 256000
0 10000

fn=(3196)
0 26000

fn=(3254) OSSL_DECODER_CTX_set_cleanup
0 18000

fn=(3264) OSSL_DECODER_CTX_add_extra
0 38000
cfn=(764)
calls=2000 0 
0 256000
0 16000
cfn=(2722) OSSL_DECODER_do_all_provided
calls=2000 0 
0 28831046
0 6000
cfn=(92)
calls=2000 0 
0 12000
0 18000
cfn=(92)
calls=2000 0 
0 12000
0 116000
cfn=(1454)
calls=8000 0 
0 104000
0 24000
cfn=(1454)
calls=8000 0 
0 104000
0 32000
cfn=(3276) OSSL_DECODER_INSTANCE_get_input_type
calls=16000 0 
0 96000
0 160000
cfn=(1454)
calls=16000 0 
0 208000
0 1824000
cfn=(1454)
calls=608000 0 
0 7904000
0 1872000
cfn=(2782)
calls=624000 0 
0 4992000
0 1248000
cfn=(2786)
calls=624000 0 
0 4992000
0 2496000
cfn=(2830)
calls=624000 0 
0 771589791
0 1752000
cfn=(1454)
calls=74000 0 
0 962000
0 2296000
cfn=(3314) 0x00000000003abf40
calls=2000 0 
0 222000
cfn=(3286) 0x00000000003ac7e0
calls=4000 0 
0 444185
cfn=(3280) 0x00000000003ad0c0
calls=2000 0 
0 222000
0 48000
cfn=(3064)
calls=8000 0 
0 27960788
0 54000
cfn=(3276)
calls=6000 0 
0 36000
0 18000
cfn=(2830)
calls=6000 0 
0 7398289
0 42000
cfn=(3182)
calls=6000 0 
0 582000
0 52000
cfn=(3276)
calls=2000 0 
0 12000
0 6000
cfn=(2830)
calls=2000 0 
0 2308690
0 12000
cfn=(3300)
calls=2000 0 
0 468061
0 46000
cfn=(932)
calls=2000 0 
0 2896607
0 32000

fn=(3314)
0 20000
cfn=(14)
calls=2000 0 
0 184000
0 18000

fn=(3346) 0x00000000001c9640
0 58000
cfn=(3560) 0x00000000000f8c70
calls=2000 0 
0 516084
0 4000
cfn=(416)
calls=2000 0 
0 22000
0 40000
cfn=(3236) OSSL_DECODER_CTX_get_num_decoders
calls=2000 0 
0 26000
0 22000
cfn=(292) BIO_ctrl
calls=2000 0 
0 210000
0 14000
cfn=(3358) 0x00000000000f8d00
calls=2000 0 
0 606465
0 56000
cfn=(2626) OPENSSL_strcasecmp
calls=2000 0 
0 98000
0 16000
cfn=(292)
calls=2000 0 
0 236000
0 10000
cfn=(292)
calls=2000 0 
0 210000
0 6000
cfn=(1978)
calls=2000 0 
0 394000
0 36000
cfn=(3446) 0x00000000003ad100
calls=2000 0 
0 127656201
0 54000
cfn=(1454)
calls=6000 0 
0 78000
0 18000
cfn=(3390) OSSL_DECODER_INSTANCE_get_decoder
calls=6000 0 
0 36000
0 18000
cfn=(3394) OSSL_DECODER_INSTANCE_get_decoder_ctx
calls=6000 0 
0 36000
0 18000
cfn=(3276)
calls=6000 0 
0 36000
0 30000
cfn=(3400) OSSL_DECODER_INSTANCE_get_input_structure
calls=6000 0 
0 60000
0 48000
cfn=(2626)
calls=6000 0 
0 702000
0 40000
cfn=(4456) ERR_clear_last_mark
calls=2000 0 
0 400000
0 4000

fn=(3347)
0 120000
cfn=(1454)
calls=4000 0 
0 52000
0 12000
cfn=(3390)
calls=4000 0 
0 24000
0 36000
cfn=(3654) 0x00000000001cb440
calls=4000 0 
0 59727489
0 14000
cfn=(3662) OSSL_PARAM_locate_const
calls=2000 0 
0 220000
0 18000
cfn=(3560)
calls=2000 0 
0 16000
0 4000
cfn=(3560)
calls=2000 0 
0 516095
0 8000
cfn=(416)
calls=4000 0 
0 1772084
0 86000
cfn=(292)
calls=2000 0 
0 210000
0 14000
cfn=(3358)
calls=2000 0 
0 709087
0 32000
cfn=(2830)
calls=2000 0 
0 2714601
0 14000
cfn=(2830)
calls=2000 0 
0 3143034
0 18000
cfn=(2626)
calls=2000 0 
0 1424000
0 20000
cfn=(292)
calls=2000 0 
0 236000
0 10000
cfn=(292)
calls=2000 0 
0 210000
0 6000
cfn=(1978)
calls=2000 0 
0 394000
0 36000
cfn=(3772)
calls=2000 0 
0 89442964
0 34000
cfn=(1454)
calls=2000 0 
0 26000
0 6000
cfn=(3390)
calls=2000 0 
0 12000
0 6000
cfn=(3394)
calls=2000 0 
0 12000
0 6000
cfn=(3276)
calls=2000 0 
0 12000
0 10000
cfn=(3400)
calls=2000 0 
0 20000
0 12000
cfn=(6)
calls=2000 0 
0 2035701
0 14000
cfn=(3662)
calls=2000 0 
0 100000
0 10000
cfn=(3730) OSSL_PARAM_get_utf8_string_ptr
calls=2000 0 
0 74000
0 10000
cfn=(3662)
calls=2000 0 
0 160000
0 10000
cfn=(3730)
calls=2000 0 
0 74000
0 18000
cfn=(2626)
calls=2000 0 
0 98000
0 16000
cfn=(4456)
calls=2000 0 
0 400000
0 4000

fn=(3502) BIO_read_ex
0 32000
cfn=(379) 0x00000000000ed6a0'2
calls=8000 0 
0 1164000
0 72000

fn=(3504) ERR_new
0 36000
cfn=(1980)
calls=6000 0 
0 1092000
0 186000
cfn=(108)
calls=6000 0 
0 66000
0 30000
cfn=(108)
calls=6000 0 
0 66000
0 60000

fn=(3516) ERR_vset_error
0 84000
cfn=(1980)
calls=6000 0 
0 1092000
0 258000

fn=(3550) 0x000000000038ff30
0 32000
cfn=(3462)
calls=4000 0 
0 20000
0 8000
cfn=(3492)
calls=4000 0 
0 16000
0 8000
cfn=(3556) 0x000000000038ff10
calls=4000 0 
0 104000
0 24000

fn=(3662)
0 28000
cfn=(3664) OSSL_PARAM_locate
calls=14000 0 
0 1218000

fn=(3860)
0 112000
cfn=(3862) 0x00000000000d2eb0
calls=8000 0 
0 1544000
0 52000
cfn=(3874) ENGINE_get_pkey_asn1_meth_engine
calls=6000 0 
0 582000
0 90000

fn=(4010) X509_PUBKEY_get
0 18000
cfn=(4012) X509_PUBKEY_get0
calls=3000 0 
0 51000
0 15000
cfn=(4014) EVP_PKEY_up_ref
calls=3000 0 
0 27000
0 27000

fn=(4264) EVP_PKEY_set_type_by_keymgmt
0 36000
cfn=(2656) EVP_KEYMGMT_names_do_all
calls=2000 0 
0 23089417
0 50000
cob=(3)
cfi=(3)
cfn=(250)
calls=2000 0 
0 32000
0 14000
cfn=(3832) 0x000000000020b020
calls=2000 0 
0 1518000
0 2000

fn=(4272) EVP_PKEY_asn1_find_str
0 138000
cfn=(4274) ENGINE_pkey_asn1_find_str
calls=6000 0 
0 1182000
0 30000
cfn=(4282) EVP_PKEY_asn1_get_count
calls=6000 0 
0 42000
0 204000
cfn=(4284) EVP_PKEY_asn1_get0
calls=44000 0 
0 484000
0 216000
cob=(3)
cfi=(3)
cfn=(250)
calls=28000 0 
0 448000
0 72000
cfn=(4286) OPENSSL_strncasecmp
calls=4000 0 
0 1076000
0 106000

fn=(4284)
0 484000

fn=(4348) OSSL_PARAM_set_int
0 12000
cfn=(4350) OSSL_PARAM_set_int32
calls=6000 0 
0 168000

fn=(4350)
0 168000

fn=(4586) BIO_s_file
0 3000

fn=(4694)
0 42000

fn=(4764) X509_STORE_lock
0 6000
cfn=(76)
calls=2000 0 
0 131000

fn=(4810)
0 9000
cfn=(4812) X509_VERIFY_PARAM_lookup
calls=1000 0 
0 222000
0 8000
cfn=(4808)
calls=1000 0 
0 85000

fn=(4812)
0 19000
cfn=(1192) OBJ_bsearch_
calls=1000 0 
0 192000
0 11000

fn=(4832) X509_add_cert
0 23000
cfn=(1396) OPENSSL_sk_insert
calls=1000 0 
0 174000
0 16000
cfn=(4758) X509_up_ref
calls=1000 0 
0 9000
0 1000

fn=(4836) 0x0000000000383210
0 13000
cfn=(4838) 0x00000000003813c0
calls=1000 0 
0 65078556
0 4000
cfn=(92)
calls=1000 0 
0 6000
0 19000
cfn=(1454)
calls=2000 0 
0 26000
0 26000
cfn=(6190) X509_check_ca
calls=2000 0 
0 131000
0 43000
cfn=(92)
calls=1000 0 
0 6000
0 7000
cfn=(6252) 0x0000000000380b20
calls=1000 0 
0 34000
0 5000
cfn=(6264) X509_get_pubkey_parameters
calls=1000 0 
0 145000
0 4000
cfn=(6290) 0x0000000000382d10
calls=1000 0 
0 34000
0 8000
cfn=(6300) X509_chain_check_suiteb
calls=1000 0 
0 33000
0 8000
cfn=(6308) 0x0000000000381e90
calls=1000 0 
0 1594582169
0 4000
cfn=(92)
calls=1000 0 
0 6000
0 9000
cfn=(1454)
calls=2000 0 
0 26000
0 14000
cfn=(92)
calls=1000 0 
0 6000
0 6000
cfn=(1454)
calls=1000 0 
0 13000
0 10000
cfn=(7920) X509v3_asid_validate_path
calls=1000 0 
0 98000
0 4000
cfn=(7948) X509v3_addr_validate_path
calls=1000 0 
0 94000
0 9000
cfn=(4834) X509_get0_pubkey
calls=2000 0 
0 44000
0 10000
cfn=(6216) EVP_PKEY_get_id
calls=2000 0 
0 8000
0 54000

fn=(5176)
0 30000
cfn=(14)
calls=6000 0 
0 606000

fn=(5180)
0 72000
cfn=(5186)
calls=4000 0 
0 28000
0 40000
cfn=(3850)
calls=4000 0 
0 80000
0 20000
cfn=(5068) ENGINE_get_digest_engine
calls=4000 0 
0 388000
0 48000
cfn=(5210) 0x00000000001e2b30
calls=4000 0 
0 36000
0 100000
cfn=(5144) EVP_MD_up_ref
calls=4000 0 
0 32000
0 16000
cfn=(5226)
calls=4000 0 
0 24000
0 20000
cfn=(5234) 0x000000000022e290
calls=4000 0 
0 24000
0 8000
cfn=(7188) 0x00000000003a9440
calls=2000 0 
0 244000
cfn=(5240) 0x00000000003a9340
calls=2000 0 
0 230000
0 52000
cfn=(4234)
calls=2000 0 
0 6000
0 8000
cfn=(5260)
calls=2000 0 
0 26000
0 10000
cfn=(5266) 0x00000000003a8730
calls=2000 0 
0 38000
0 32000
cfn=(4234)
calls=2000 0 
0 6000
0 8000
cfn=(7200) SHA512_Init
calls=2000 0 
0 32000
0 14000

fn=(5474) X509V3_EXT_get
0 12000
cfn=(5468) X509_EXTENSION_get_object
calls=3000 0 
0 18000
0 6000
cfn=(1186)
calls=3000 0 
0 72000
0 15000
cfn=(5476) X509V3_EXT_get_nid
calls=3000 0 
0 733000

fn=(5480) X509_EXTENSION_get_data
0 24000

fn=(5582) EVP_PKEY_is_a
0 32000
cfn=(2556) EVP_KEYMGMT_is_a
calls=4000 0 
0 6366106

fn=(5776) ASN1_TIME_adj
0 108000
cfn=(5778) OPENSSL_gmtime
calls=6000 0 
0 2088000
0 66000
cfn=(5792)
calls=6000 0 
0 21452260
0 84000

fn=(6130) X509_check_purpose
0 11000
cfn=(4956) 0x00000000003733b0
calls=1000 0 
0 34000
0 14000

fn=(6300)
0 33000

fn=(6362) OBJ_cmp
0 8000
cob=(3)
cfi=(3)
cfn=(1216)
calls=1000 0 
0 21000

fn=(294) 0x00000000000f7ef0
0 1268000
cfn=(268)
calls=2000 0 
0 42000
0 4000

fn=(704) 0x00000000000e2790
0 922000
cfn=(786) ASN1_STRING_type_new
calls=12000 0 
0 1942235
0 513000
cfn=(740)
calls=21000 0 
0 567000
0 84000

fn=(1192)
0 108000
cfn=(1194) OBJ_bsearch_ex_
calls=36000 0 
0 10195889

fn=(1194)
0 4448000
cfn=(5664) 0x0000000000372530
calls=2000 0 
0 12000
cfn=(5574) 0x00000000002e8010
calls=30000 0 
0 180000
cfn=(5478) 0x000000000036ef40
calls=17000 0 
0 153000
cfn=(4814) 0x0000000000385fe0
calls=3000 0 
0 89000
cfn=(3866) 0x00000000000d2e90
calls=32000 0 
0 288000
cfn=(1204) 0x00000000002e6b70
calls=131000 0 
0 3563889
0 1462000

fn=(1204)
0 1635000
cob=(3)
cfi=(3)
cfn=(1216)
calls=65000 0 
0 1532889
0 396000

fn=(1394)
0 755000
cfn=(1396)
calls=151000 0 
0 22876965

fn=(6480) EVP_MD_CTX_set_pkey_ctx
0 9000
cfn=(5376)
calls=1000 0 
0 6000
0 11000
cfn=(5178) EVP_MD_CTX_set_flags
calls=1000 0 
0 6000
0 2000
cfn=(5378)
calls=1000 0 
0 8000
0 1000

fn=(6486) EVP_MD_CTX_get_pkey_ctx
0 8000

fn=(6542) EVP_SIGNATURE_up_ref
0 10000

fn=(6558) 0x00000000001fabc0
0 40000
cfn=(2560)
calls=2000 0 
0 12000
0 28000
cfn=(2086) 0x00000000001fa4f0
calls=2000 0 
0 4816000
0 46000

fn=(6650) 0x0000000000203f10
0 78000
cfn=(3628)
calls=2000 0 
0 60000
0 22000
cfn=(3628)
calls=2000 0 
0 60000
0 18000
cfn=(3642)
calls=2000 0 
0 18000
0 20000
cfn=(4336) 0x0000000000204b80
calls=2000 0 
0 1500000
0 42000
cfn=(6668) OSSL_PARAM_modified
calls=2000 0 
0 18000
0 20000
cfn=(2040) OPENSSL_strlcpy
calls=2000 0 
0 174000
0 2000

fn=(6668)
0 18000

fn=(6994)
0 1757634000

fn=(7188)
0 8000
cfn=(4234)
calls=2000 0 
0 6000
0 14000
cfn=(14)
calls=2000 0 
0 216000

fn=(7314)
0 34652000

fn=(320) EVP_ENCODE_CTX_new
0 10000
cfn=(14)
calls=2000 0 
0 202000

fn=(376) BIO_read
0 120000
cfn=(378) 0x00000000000ed6a0
calls=10000 0 
0 2330436
0 120000

fn=(634) 0x00000000000e2ac0
0 660000
cfn=(5538) GENERAL_NAME_it
calls=1000 0 
0 3000
cfn=(656)
calls=2000 0 
0 6000
cfn=(5488)
calls=1000 0 
0 3000
cfn=(4694)
calls=4000 0 
0 12000
cfn=(4690)
calls=3000 0 
0 9000
cfn=(746)
calls=4000 0 
0 12000
cfn=(1338)
calls=8000 0 
0 24000
cfn=(734)
calls=15000 0 
0 45000
cfn=(834)
calls=2000 0 
0 6000
cfn=(728)
calls=2000 0 
0 6000
cfn=(636)
calls=2000 0 
0 6000
0 626000
cfn=(570) 0x00000000000e2be0
calls=32000 0 
0 12759235
0 697000
cfn=(4694)
calls=1000 0 
0 3000
cfn=(656)
calls=2000 0 
0 6000
cfn=(5488)
calls=1000 0 
0 3000
cfn=(4690)
calls=3000 0 
0 9000
cfn=(746)
calls=4000 0 
0 12000
0 33000
cfn=(666) 0x00000000000e2a20
calls=11000 0 
0 323000
0 11000

fn=(635) 0x00000000000e2ac0'2
0 540000
cfn=(836)
calls=2000 0 
0 6000
cfn=(834)
calls=4000 0 
0 12000
cfn=(794)
calls=2000 0 
0 6000
cfn=(780)
calls=4000 0 
0 12000
cfn=(778)
calls=2000 0 
0 6000
cfn=(750)
calls=4000 0 
0 12000
cfn=(746)
calls=6000 0 
0 18000
cfn=(734)
calls=6000 0 
0 18000
cfn=(728)
calls=2000 0 
0 6000
cfn=(656)
calls=4000 0 
0 12000
0 476000
cfn=(571) 0x00000000000e2be0'2
calls=22000 0 
0 7365000
0 584000
cfn=(834)
calls=4000 0 
0 12000
cfn=(746)
calls=6000 0 
0 18000
cfn=(656)
calls=2000 0 
0 6000
0 36000
cfn=(666)
calls=12000 0 
0 348000
0 12000

fn=(890) CRL_DIST_POINTS_it
0 12000

fn=(1504) X509_NAME_ENTRY_new
0 16000
cfn=(1336) X509_NAME_ENTRY_it
calls=4000 0 
0 12000
0 12000
cfn=(808) ASN1_item_new
calls=4000 0 
0 3118344

fn=(1640) 0x00000000000e19b0
0 3136000
cfn=(834)
calls=6000 0 
0 18000
cfn=(728)
calls=6000 0 
0 18000
cfn=(636)
calls=6000 0 
0 18000
cfn=(1338)
calls=16000 0 
0 48000
cfn=(734)
calls=16000 0 
0 48000
0 300000
cfn=(1639) ASN1_item_ex_i2d'2
calls=50000 0 
0 14804664
0 200000

fn=(1641) 0x00000000000e19b0'2
0 992000
cfn=(746)
calls=8000 0 
0 24000
cfn=(734)
calls=8000 0 
0 24000
0 96000
cfn=(1639)
calls=16000 0 
0 2642000
0 64000

fn=(1670) 0x00000000000e50a0
0 578000
cob=(3)
cfi=(3)
cfn=(202)
calls=3000 0 
0 118664
0 364000

fn=(2158) 0x000000000021f6e0
0 192000
cfn=(2162) 0x000000000021f2e0
calls=6000 0 
0 21254784
0 138000
cfn=(2758) 0x00000000001ca180
calls=4000 0 
0 156000
cfn=(2408) 0x00000000001fa110
calls=2000 0 
0 76000
0 6000

fn=(2222) 0x000000000022cca0
0 282000

fn=(2440) 0x0000000000230480
0 47110000
cfn=(2470)
calls=148000 0 
0 182016341
0 190000

fn=(2596)
0 10556000
cfn=(5126) 0x0000000000305c90
calls=8000 0 
0 144000
cfn=(3102)
calls=20000 0 
0 3400000
cfn=(2598)
calls=784000 0 
0 127644000
0 19912000
cfn=(5128) 0x0000000000305e50
calls=8000 0 
0 394000
cfn=(3106) 0x0000000000308e60
calls=20000 0 
0 740000
cfn=(2624) 0x000000000021f8a0
calls=624000 0 
0 120876000
0 15388000

fn=(2656)
0 66000
cfn=(2560)
calls=6000 0 
0 36000
0 12000
cfn=(2128) 0x000000000021fec0
calls=6000 0 
0 2652000
0 240000
cfn=(2094)
calls=6000 0 
0 258000
0 108000
cfn=(2672) OPENSSL_LH_num_items
calls=6000 0 
0 42000
0 42000
cfn=(16)
calls=6000 0 
0 7680426
0 42000
cfn=(2686) OPENSSL_LH_doall_arg
calls=6000 0 
0 37944000
0 12000
cfn=(98)
calls=6000 0 
0 318000
0 60000
cfn=(6442)
calls=2000 0 
0 1068000
cfn=(4266) 0x0000000000209da0
calls=2000 0 
0 2208000
cfn=(2700)
calls=2000 0 
0 364000
0 30000
cfn=(6442)
calls=2000 0 
0 16000
cfn=(4266)
calls=2000 0 
0 5034000
cfn=(2700)
calls=2000 0 
0 166000
0 48000
cfn=(108)
calls=6000 0 
0 1125773
0 12000

fn=(2686)
0 15544000
cfn=(3150) 0x0000000000308e10
calls=256000 0 
0 2080000
cfn=(2688)
calls=1752000 0 
0 17592000
0 8296000

fn=(2758)
0 156000

fn=(2940)
0 30000

fn=(2948)
0 30000

fn=(2956)
0 26000

fn=(3028)
0 28000

fn=(3328) ERR_peek_last_error
0 90000
cfn=(1980)
calls=6000 0 
0 1092000
0 314000

fn=(3344) 0x000000000022a9f0
0 10000

fn=(3452) 0x00000000003e14f0
0 24000

fn=(3480) BIO_set_data
0 20000

fn=(3490) 0x000000000038fd30
0 24000
cfn=(3502)
calls=8000 0 
0 1268000
0 128000
cfn=(3492)
calls=8000 0 
0 32000
0 80000

fn=(3604) X509_PUBKEY_get0_param
0 78000

fn=(3622) 0x000000000038c5d0
0 12000
cfn=(864)
calls=4000 0 
0 2526000

fn=(3628)
0 152000
cob=(3)
cfi=(3)
cfn=(250)
calls=6000 0 
0 96000
0 166000

fn=(3654)
0 64000
cfn=(3390)
calls=4000 0 
0 24000
0 16000
cfn=(3394)
calls=4000 0 
0 24000
0 12000
cfn=(2782)
calls=4000 0 
0 32000
0 16000
cfn=(3662)
calls=4000 0 
0 260000
0 28000
cfn=(3670)
calls=4000 0 
0 688000
0 90000
cfn=(108)
calls=4000 0 
0 206000
0 20000
cfn=(3662)
calls=4000 0 
0 506000
0 24000
cfn=(92)
calls=2000 0 
0 12000
0 112000
cfn=(1454)
calls=18000 0 
0 234000
0 54000
cfn=(4196) EVP_KEYMGMT_get0_provider
calls=18000 0 
0 72000
0 90000
cfn=(4202) 0x0000000000204b00
calls=18000 0 
0 162000
0 90000
cfn=(2556)
calls=18000 0 
0 28638072
0 64000
cfn=(2492)
calls=2000 0 
0 10000
0 34000
cfn=(4248) 0x00000000002038f0
calls=2000 0 
0 27963417
0 16000
cfn=(4422)
calls=2000 0 
0 44000
0 10000
cfn=(4226) 0x0000000000204b20
calls=2000 0 
0 108000
0 4000

fn=(3730)
0 32000
cfn=(3732)
calls=4000 0 
0 44000
0 72000

fn=(3874)
0 96000
cfn=(1188)
calls=6000 0 
0 354000
0 132000

fn=(4014)
0 45000

fn=(4038) ASN1_BIT_STRING_free
0 8000
cfn=(878) ASN1_STRING_free
calls=4000 0 
0 938034

fn=(4086)
0 36000

fn=(4248)
0 28000
cfn=(3824) EVP_PKEY_new
calls=2000 0 
0 1138000
0 14000
cfn=(4258) 0x0000000000203860
calls=2000 0 
0 26759417
0 24000

fn=(4274)
0 102000
cfn=(42)
calls=6000 0 
0 114000
0 54000
cfn=(76)
calls=6000 0 
0 318000
0 36000
cfn=(4276) 0x00000000001d3810
calls=6000 0 
0 120000
0 36000
cfn=(98)
calls=6000 0 
0 330000
0 72000

fn=(4324) 0x00000000002036b0
0 40000
cfn=(3638)
calls=2000 0 
0 22000
0 20000
cfn=(3638)
calls=2000 0 
0 22000
0 20000
cfn=(3638)
calls=2000 0 
0 22000
0 16000
cfn=(3642)
calls=2000 0 
0 18000
0 20000
cfn=(4336)
calls=2000 0 
0 1718000
0 42000

fn=(4744) 0x000000000037cb60
0 12000
cfn=(4748) X509_OBJECT_new
calls=1000 0 
0 115000
0 11000
cfn=(4756) X509_OBJECT_up_ref_count
calls=1000 0 
0 15000
0 4000
cfn=(4764)
calls=1000 0 
0 81000
0 5000
cfn=(4770) X509_OBJECT_retrieve_match
calls=1000 0 
0 68000
0 15000
cfn=(1394)
calls=1000 0 
0 177000
0 3000
cfn=(4786) X509_STORE_unlock
calls=1000 0 
0 58000
0 4000

fn=(4758)
0 27000

fn=(4808)
0 164000

fn=(4858) X509_add_certs
0 9000
cfn=(4860) 0x000000000037a7d0
calls=1000 0 
0 39000
0 5000

fn=(4888) X509_STORE_CTX_get1_issuer
0 17000
cfn=(4748)
calls=1000 0 
0 115000
0 8000
cfn=(4890)
calls=1000 0 
0 4000
0 6000
cfn=(4892) X509_STORE_CTX_get_by_subject
calls=1000 0 
0 471618
0 7000
cfn=(4942) 0x000000000037fda0
calls=1000 0 
0 51284122
0 6000
cfn=(5754) 0x0000000000381000
calls=1000 0 
0 12091008
0 25000
cfn=(6080)
calls=1000 0 
0 111000
0 2000

fn=(5096) 0x0000000000306ac0
0 216000
cfn=(2094)
calls=8000 0 
0 344000
0 40000
cfn=(5106) 0x00000000002304d0
calls=8000 0 
0 448000
0 56000
cfn=(2594)
calls=8000 0 
0 1122000
0 40000
cfn=(2492)
calls=2000 0 
0 10000
cfn=(6542)
calls=2000 0 
0 10000
cfn=(5142) 0x00000000001e3830
calls=4000 0 
0 40000
0 56000
cfn=(98)
calls=8000 0 
0 424000
0 144000

fn=(5106)
0 448000

fn=(5468)
0 258000

fn=(5488)
0 12000

fn=(5538)
0 3000

fn=(5556) ASN1_OCTET_STRING_cmp
0 4000
cfn=(5558) ASN1_STRING_cmp
calls=2000 0 
0 97224

fn=(5674) 0x000000000037e740
0 28000
cfn=(1186)
calls=2000 0 
0 48000
0 8000
cfn=(5572) OBJ_find_sigid_algs
calls=2000 0 
0 452000
0 62000
cfn=(3860)
calls=2000 0 
0 442000
0 18000
cfn=(5696) 0x00000000001c7550
calls=2000 0 
0 54000
0 22000

fn=(5778)
0 42000
cob=(3)
cfi=(3)
cfn=(5780)
calls=6000 0 
0 2004000
0 42000

fn=(5906) 0x00000000000ef650
0 3360000

fn=(5968) ASN1_TIME_to_tm
0 852000
cfn=(5766) 0x0000000000220a50
calls=72000 0 
0 504000
0 648000
cfn=(5766)
calls=72000 0 
0 504000
0 4344000

fn=(6110) 0x0000000000380850
0 13000
cfn=(92)
calls=1000 0 
0 6000
0 11000
cfn=(1454)
calls=1000 0 
0 13000
0 6000
cfn=(6122) X509_check_trust
calls=1000 0 
0 118000
0 16000

fn=(6216)
0 8000

fn=(6364) ASN1_item_verify_ex
0 18000
cfn=(6366) 0x00000000001e3a10
calls=1000 0 
0 9432575
0 9000
cfn=(6484) ASN1_item_verify_ctx
calls=1000 0 
0 1557808082
0 3000
cfn=(6486)
calls=1000 0 
0 4000
0 2000
cfn=(5378)
calls=1000 0 
0 438000
0 2000
cfn=(5372)
calls=1000 0 
0 265000
0 15000

fn=(630) 0x00000000000e5160
0 1566000

fn=(818)
0 18000
cfn=(786)
calls=6000 0 
0 774834

fn=(1336)
0 96000

fn=(6490)
0 22000
cfn=(6492) 0x0000000000205840
calls=2000 0 
0 25874854
0 16000

fn=(6524) 0x0000000000204150
0 30000
cfn=(6382) EVP_KEYMGMT_get0_name
calls=2000 0 
0 8000

fn=(6660) OSSL_PARAM_set_utf8_string
0 32000
cob=(3)
cfi=(3)
cfn=(250)
calls=2000 0 
0 32000
0 24000
cob=(3)
cfi=(3)
cfn=(202)
calls=2000 0 
0 30000
0 28000

fn=(6708) 0x0000000000225ce0
0 42000
cfn=(14)
calls=2000 0 
0 188672
0 24000

fn=(7134)
0 1926000

fn=(7442)
0 7668000
cfn=(6994)
calls=54000 0 
0 31914000
0 216000
cfn=(6994)
calls=54000 0 
0 31914000
0 324000
cfn=(6994)
calls=54000 0 
0 31914000
0 216000
cfn=(6994)
calls=54000 0 
0 31914000
0 10368000

fn=(7612)
0 6390000
cfn=(6994)
calls=45000 0 
0 26595000
0 180000
cfn=(6994)
calls=45000 0 
0 26595000
0 225000
cfn=(6994)
calls=45000 0 
0 26595000
0 8550000

fn=(7874) 0x00000000003d7b10
0 16000
cfn=(4124)
calls=2000 0 
0 46000
0 12000
cfn=(108)
calls=2000 0 
0 184000

fn=(7920)
0 15000
cfn=(92)
calls=1000 0 
0 6000
0 32000
cfn=(1454)
calls=1000 0 
0 13000
0 16000
cfn=(92)
calls=1000 0 
0 6000
0 10000

fn=(7984)
0 24000
cfn=(932)
calls=2000 0 
0 14000
0 6000
cfn=(932)
calls=2000 0 
0 14000
0 8000
cfn=(108)
calls=2000 0 
0 22000
0 8000
cfn=(108)
calls=2000 0 
0 22000
0 8000
cfn=(108)
calls=2000 0 
0 22000
0 14000
cfn=(108)
calls=2000 0 
0 184000

fn=(8084) 0x0000000000204980
0 36000
cfn=(108)
calls=2000 0 
0 22000
0 10000
cfn=(8090) CRYPTO_secure_clear_free
calls=2000 0 
0 18000
0 4000
cfn=(442)
calls=2000 0 
0 267733
0 14000
cfn=(108)
calls=2000 0 
0 192474
0 8000

fn=(8090)
0 18000

fn=(36)
0 196000
cfn=(38)
calls=49000 0 
0 2989000
0 343000

fn=(108)
0 6540000
cob=(3)
cfi=(3)
cfn=(110)
calls=1308000 0 
0 105434715

fn=(152) PEM_ASN1_read_bio
0 44000
cfn=(154) PEM_bytes_read_bio
calls=2000 0 
0 62160051
0 22000
cfn=(486) d2i_X509
calls=2000 0 
0 1457219475
0 14000
cfn=(108)
calls=2000 0 
0 268507
0 30000

fn=(288)
0 430000
cfn=(108)
calls=22000 0 
0 2128914
0 44000
cfn=(290)
calls=22000 0 
0 2614000
0 64000

fn=(568) 0x00000000000e3010
0 501000
cfn=(580) 0x000000000038e8a0
calls=2000 0 
0 44000
0 99000
cfn=(616) 0x00000000000e4ee0
calls=13000 0 
0 186000
0 308000
cfn=(630)
calls=32000 0 
0 192000
0 160000
cfn=(634)
calls=32000 0 
0 12908414
0 170000
cfn=(14)
calls=13000 0 
0 1542444
0 91000
cfn=(598) 0x00000000000e4dc0
calls=13000 0 
0 583000
0 64000
cfn=(580)
calls=2000 0 
0 656000
0 69000

fn=(794)
0 36000

fn=(1470) OPENSSL_sk_set
0 96000

fn=(1520) ASN1_STRING_to_UTF8
0 120000
cfn=(1522) ASN1_mbstring_copy
calls=4000 0 
0 11126316
0 64000

fn=(1850) 0x00000000000e4f30
0 423000
cfn=(108)
calls=2000 0 
0 184000
0 223000

fn=(1942) 0x00000000000c9fd0
0 340000
cfn=(16)
calls=8000 0 
0 463061
0 48000
cob=(3)
cfi=(3)
cfn=(202)
calls=8000 0 
0 112000
0 104000
cfn=(108)
calls=8000 0 
0 88000
0 178000
cfn=(818)
calls=2000 0 
0 291566
0 18000

fn=(1974)
0 187000
cfn=(4094) 0x0000000000203260
calls=4000 0 
0 684000
0 8000
cfn=(4114) 0x000000000020af50
calls=4000 0 
0 434000
0 16000
cfn=(8084)
calls=2000 0 
0 572207
0 4000
cfn=(4422)
calls=2000 0 
0 44000
0 14000
cfn=(438)
calls=2000 0 
0 578000
0 10000
cfn=(438)
calls=2000 0 
0 578000
0 8000
cfn=(442)
calls=4000 0 
0 493996
0 12000
cfn=(932)
calls=4000 0 
0 28000
0 24000
cfn=(108)
calls=4000 0 
0 545686
0 30000

fn=(2006) 0x000000000038bda0
0 44000
cfn=(1186)
calls=4000 0 
0 96000
0 16000
cfn=(2012)
calls=2000 0 
0 194000
0 8000
cfn=(3824)
calls=2000 0 
0 1248767
0 12000
cfn=(3830) EVP_PKEY_set_type
calls=2000 0 
0 918000
0 18000
cfn=(3902) 0x00000000001c74a0
calls=2000 0 
0 2148812
0 46000

fn=(2166) 0x000000000022eea0
0 90000
cfn=(2088) 0x000000000021ed20
calls=6000 0 
0 2664000
0 30000
cfn=(2172) 0x000000000021eb30
calls=6000 0 
0 42000
0 24000
cfn=(2184)
calls=6000 0 
0 750000
0 96000
cfn=(2094)
calls=6000 0 
0 258000
0 24000
cfn=(2204)
calls=6000 0 
0 1476237
0 30000
cfn=(92)
calls=6000 0 
0 36000
0 66000
cfn=(2222)
calls=6000 0 
0 282000
0 24000
cfn=(98)
calls=6000 0 
0 330000
0 30000
cfn=(1454)
calls=6000 0 
0 78000
0 18000
cfn=(76)
calls=6000 0 
0 318000
0 42000
cfn=(1188)
calls=6000 0 
0 354000
0 42000
cfn=(1454)
calls=6000 0 
0 78000
0 30000
cfn=(2362) 0x000000000022d600
calls=6000 0 
0 3870000
0 24000
cfn=(440)
calls=6000 0 
0 1262547
0 18000
cfn=(98)
calls=6000 0 
0 318000
0 60000
cfn=(1454)
calls=6000 0 
0 78000
0 24000
cfn=(2250)
calls=6000 0 
0 8082000
0 36000

fn=(2362)
0 102000
cfn=(2088)
calls=6000 0 
0 2340000
0 30000
cfn=(2094)
calls=6000 0 
0 258000
0 24000
cfn=(76)
calls=6000 0 
0 318000
0 66000
cfn=(98)
calls=6000 0 
0 330000
0 12000
cfn=(98)
calls=6000 0 
0 318000
0 72000

fn=(2436) 0x0000000000306720
0 90000
cfn=(2440)
calls=6000 0 
0 229316341
0 54000

fn=(2478)
0 288000
cfn=(2492)
calls=36000 0 
0 180000
0 432000
cfn=(1394)
calls=36000 0 
0 6129917
0 1036000

fn=(2570) 0x0000000000220120
0 10976000
cfn=(2094)
calls=784000 0 
0 33712000
0 4704000
cfn=(2584) 0x000000000021f800
calls=784000 0 
0 528915056
0 2352000
cfn=(98)
calls=784000 0 
0 41552000
0 16464000
cob=(3)
cfi=(3)
cfn=(250)
calls=784000 0 
0 12544072
0 5488000

fn=(2672)
0 42000

fn=(2860)
0 26000

fn=(3036)
0 26000

fn=(3104)
0 3460000

fn=(3122) 0x0000000000308c90
0 204000

fn=(3286)
0 40000
cfn=(14)
calls=4000 0 
0 368185
0 36000

fn=(3326) OSSL_DECODER_from_bio
0 34000
cfn=(3236)
calls=2000 0 
0 26000
0 6000
cfn=(3328)
calls=2000 0 
0 456000
0 12000
cfn=(292)
calls=2000 0 
0 210000
0 22000
cfn=(3344)
calls=2000 0 
0 10000
0 6000
cfn=(3346)
calls=2000 0 
0 131814750
0 46000
cfn=(4484) 0x000000000022a660
calls=2000 0 
0 54000
0 2000

fn=(3448)
0 64000
cfn=(3450) 0x0000000000390130
calls=4000 0 
0 2729208
0 24000
cfn=(3488) asn1_d2i_read_bio
calls=4000 0 
0 14953171
0 28000
cfn=(416)
calls=4000 0 
0 2376000
0 92000
cfn=(108)
calls=4000 0 
0 368000
0 4000

fn=(3540)
0 144000
cfn=(1980)
calls=18000 0 
0 3276000
0 210000
cfn=(108)
calls=6000 0 
0 552000
0 30000
cfn=(108)
calls=6000 0 
0 570905
0 324000

fn=(3672)
0 184000
cob=(3)
cfi=(3)
cfn=(202)
calls=4000 0 
0 68000
0 52000
cfn=(16)
calls=4000 0 
0 216000
0 20000

fn=(3792)
0 34000
cfn=(3794) 0x000000000038cf20
calls=2000 0 
0 16084776
0 10000
cfn=(4062)
calls=2000 0 
0 882000
0 6000
cfn=(1974)
calls=2000 0 
0 1668000
0 40000

fn=(3832)
0 44000
cfn=(3850)
calls=2000 0 
0 40000
0 6000
cfn=(3850)
calls=2000 0 
0 40000
0 14000
cfn=(4272)
calls=2000 0 
0 1246000
0 34000
cfn=(2492)
calls=2000 0 
0 10000
0 84000

fn=(3862)
0 144000
cfn=(1192)
calls=8000 0 
0 1296000
0 104000

fn=(3908) 0x00000000001c6000
0 54000
cfn=(3610) X509_ALGOR_get0
calls=2000 0 
0 30000
0 50000
cfn=(3938) 0x00000000001c6550
calls=2000 0 
0 754812
0 18000
cob=(3)
cfi=(3)
cfn=(202)
calls=2000 0 
0 28000
0 40000
cfn=(1186)
calls=2000 0 
0 48000
0 12000

fn=(3970) EVP_PKEY_assign
0 28000
cfn=(3972)
calls=2000 0 
0 738000
0 30000
cfn=(3830)
calls=2000 0 
0 120000
0 54000

fn=(4124)
0 64000

fn=(4336)
0 72000
cfn=(4342) 0x00000000003cc4b0
calls=4000 0 
0 2544000
0 36000
cfn=(3664)
calls=4000 0 
0 378000
0 20000
cfn=(6660)
calls=2000 0 
0 146000
0 22000

fn=(4422)
0 1000000

fn=(4512) 0x00000000003abab0
0 8000
cfn=(108)
calls=2000 0 
0 225984

fn=(4582)
0 8000
cfn=(4584) PEM_ASN1_read
calls=1000 0 
0 770213704

fn=(4756)
0 12000
cfn=(4758)
calls=2000 0 
0 18000

fn=(4772) OPENSSL_sk_find
0 34000

fn=(4786)
0 6000
cfn=(98)
calls=2000 0 
0 110000

fn=(4798) X509_STORE_CTX_new_ex
0 14000
cfn=(14)
calls=1000 0 
0 118000
0 16000

fn=(4824) 0x000000000037a740
0 12000
cfn=(4832)
calls=1000 0 
0 223000
0 3000
cfn=(764)
calls=1000 0 
0 128000
0 6000

fn=(4896) X509_OBJECT_idx_by_subject
0 12000
cfn=(4904) OPENSSL_sk_find_all
calls=1000 0 
0 221618
0 16000

fn=(5128)
0 80000
cob=(3)
cfi=(3)
cfn=(452)
calls=8000 0 
0 176000
0 138000

fn=(5144)
0 64000

fn=(5174) EVP_Digest
0 32000
cfn=(5176)
calls=2000 0 
0 212000
0 14000
cfn=(5178)
calls=2000 0 
0 12000
0 8000
cfn=(5180)
calls=2000 0 
0 838000
0 10000
cfn=(5372)
calls=2000 0 
0 1010000
0 38000
cfn=(5274)
calls=2000 0 
0 6575000
0 12000
cfn=(5352)
calls=2000 0 
0 3274000
0 8000

fn=(5210)
0 142000

fn=(5274)
0 168000
cfn=(7208) SHA512_Update
calls=6000 0 
0 15891000
cfn=(5276) SHA1_Update
calls=2000 0 
0 6533000

fn=(5426) X509_get_version
0 6000
cfn=(5428) ASN1_INTEGER_get
calls=2000 0 
0 106000

fn=(5476)
0 57000
cfn=(1192)
calls=3000 0 
0 634000
0 42000

fn=(5554) X509_check_akid
0 39000
cfn=(5556)
calls=2000 0 
0 101224
0 47000

fn=(5638)
0 27000
cfn=(92)
calls=4000 0 
0 24000
0 32000

fn=(5664)
0 12000

fn=(5766)
0 1512000

fn=(5876) 0x00000000000f03e0
0 2389890
cob=(3)
cfi=(3)
cfn=(250)
calls=36000 0 
0 576000
0 2114740
cfn=(5906)
calls=13474 0 
0 538960
0 904630
cfn=(5906)
calls=58526 0 
0 2341040
0 594104

fn=(6266) EVP_PKEY_missing_parameters
0 9000
cfn=(6268) 0x00000000002039f0
calls=1000 0 
0 39000
0 7000

fn=(6)
0 60000
cfn=(8) BIO_s_mem
calls=5000 0 
0 15000
0 10000
cfn=(10) BIO_new
calls=5000 0 
0 5007010
0 110000

fn=(8)
0 21000

fn=(280) CRYPTO_clear_realloc
0 343000
cfn=(16)
calls=11000 0 
0 627000
0 77000
cob=(3)
cfi=(3)
cfn=(202)
calls=11000 0 
0 361000
0 55000
cfn=(288)
calls=11000 0 
0 2514914
0 214000
cfn=(16)
calls=6000 0 
0 462431

fn=(466) PEM_do_header
0 76000

fn=(494) 0x00000000000df880
0 423000
cfn=(512)
calls=4000 0 
0 764000
0 80000
cfn=(580)
calls=2000 0 
0 2294000
0 274000
cfn=(978) 0x00000000000e0ac0
calls=6000 0 
0 1442745404
0 24000
cfn=(978)
calls=2000 0 
0 1370000
0 160000
cfn=(958) 0x00000000000e5180
calls=10000 0 
0 270000
0 60000
cfn=(630)
calls=10000 0 
0 60000
0 127000
cfn=(630)
calls=3000 0 
0 18000
0 9000
cfn=(896)
calls=3000 0 
0 265000
0 18000
cfn=(958)
calls=3000 0 
0 81000
0 35000
cfn=(1272) 0x00000000000e4fb0
calls=2000 0 
0 54000
0 18000
cfn=(1272)
calls=2000 0 
0 58000
0 30000
cfn=(580)
calls=2000 0 
0 44000
0 28000
cfn=(1050) 0x00000000000dec30
calls=1000 0 
0 585000
0 27000
cfn=(568)
calls=4000 0 
0 11562000
0 28000

fn=(495)
0 6443000
cfn=(512)
calls=27000 0 
0 4881000
0 1204000
cfn=(1933) 0x000000000038c100'2
calls=2000 0 
0 13129413
cfn=(1932) 0x000000000038c100
calls=2000 0 
0 1337365498
0 160000
cfn=(512)
calls=8000 0 
0 1320000
0 306000
cfn=(979) 0x00000000000e0ac0'2
calls=8000 0 
0 35250245
0 44000
cfn=(1290) 0x000000000038b8c0
calls=4000 0 
0 70880918
0 1171000
cfn=(979)
calls=44000 0 
0 1456434552
0 192000
cfn=(979)
calls=16000 0 
0 23052387
0 1169000
cfn=(958)
calls=71000 0 
0 1917000
0 426000
cfn=(630)
calls=71000 0 
0 426000
0 860000
cfn=(630)
calls=13000 0 
0 78000
0 39000
cfn=(896)
calls=13000 0 
0 1295000
0 78000
cfn=(958)
calls=13000 0 
0 351000
0 175000
cfn=(1272)
calls=11000 0 
0 422000
0 144000
cfn=(1272)
calls=16000 0 
0 579982
0 150000
cfn=(896)
calls=5000 0 
0 513000
0 417000
cfn=(1050)
calls=38000 0 
0 25491445
0 40000
cfn=(1050)
calls=8000 0 
0 2901130
0 170000
cfn=(1360)
calls=8000 0 
0 72000
0 70000
cfn=(568)
calls=9000 0 
0 6011858
0 175000

fn=(520)
0 4244000
cfn=(3504)
calls=4000 0 
0 1024000
0 16000
cfn=(3506) ERR_set_debug
calls=4000 0 
0 3153761
0 20000
cfn=(3514) ERR_set_error
calls=4000 0 
0 1084000
0 1831000

fn=(570)
0 672000
cfn=(704)
calls=28000 0 
0 2928235
0 782000
cob=(3)
cfi=(3)
cfn=(28)
calls=4000 0 
0 82000
0 16000
cfn=(598)
calls=4000 0 
0 88000
0 20000
cfn=(616)
calls=4000 0 
0 70000
0 208000
cfn=(630)
calls=24000 0 
0 144000
0 120000
cfn=(635)
calls=24000 0 
0 7545000
0 84000

fn=(571)
0 470000
cfn=(704)
calls=12000 0 
0 1100000
0 484000
cob=(3)
cfi=(3)
cfn=(28)
calls=4000 0 
0 52000
0 16000
cfn=(598)
calls=4000 0 
0 84000
0 20000
cfn=(616)
calls=4000 0 
0 56000
0 80000
cfn=(630)
calls=8000 0 
0 48000
0 40000
cfn=(635)
calls=8000 0 
0 1488000
0 48000
cfn=(798)
calls=2000 0 
0 1604000
0 28000
cfn=(758) 0x000000000038aff0
calls=4000 0 
0 1731000
0 16000

fn=(766)
0 518000
cfn=(14)
calls=37000 0 
0 3998967
0 592000

fn=(836)
0 24000

fn=(882) AUTHORITY_KEYID_free
0 28000
cfn=(884) AUTHORITY_KEYID_it
calls=4000 0 
0 12000
0 20000
cfn=(865)
calls=2000 0 
0 956000
cfn=(864)
calls=2000 0 
0 92000

fn=(928) NAME_CONSTRAINTS_it
0 12000

fn=(1096)
0 515000

fn=(1186)
0 1974000
cfn=(1188)
calls=17000 0 
0 1003000
0 153000
cfn=(1192)
calls=17000 0 
0 7019889
0 119000

fn=(6484)
0 20000
cfn=(6486)
calls=1000 0 
0 4000
0 2000
cfn=(6488)
calls=1000 0 
0 4000
0 9000
cfn=(1186)
calls=1000 0 
0 24000
0 4000
cfn=(5572)
calls=1000 0 
0 226000
0 6000
cfn=(4978) OBJ_nid2sn
calls=1000 0 
0 29000
0 3000
cfn=(5582)
calls=1000 0 
0 1599000
0 10000
cfn=(6490)
calls=1000 0 
0 8447082
0 8000
cfn=(4988) ASN1_item_i2d
calls=1000 0 
0 390000
0 11000
cfn=(6960)
calls=1000 0 
0 1546740000
0 10000
cfn=(288)
calls=1000 0 
0 234000
0 28000

fn=(6626) 0x00000000003d7f90
0 18000
cfn=(4234)
calls=2000 0 
0 6000
0 14000
cfn=(14)
calls=2000 0 
0 236000
0 10000
cfn=(3578)
calls=2000 0 
0 12000
0 22000

fn=(6726) 0x0000000000221210
0 20000
cfn=(6730) 0x00000000002264d0
calls=2000 0 
0 324290
0 16000

fn=(6752) 0x0000000000220e80
0 34000
cfn=(6756) 0x0000000000226990
calls=2000 0 
0 270000
0 10000
cfn=(6808) 0x0000000000220bb0
calls=2000 0 
0 46000
0 26000

fn=(6762)
0 156000
cfn=(6774) 0x0000000000225ff0
calls=6000 0 
0 72000
0 120000

fn=(7208)
0 232000
cfn=(7218) 0x000000000033db40
calls=2000 0 
0 5754000
0 197000
cfn=(7218)
calls=1000 0 
0 9664000
0 8000
cob=(3)
cfi=(3)
cfn=(202)
calls=2000 0 
0 28000
0 8000

fn=(7986)
0 35000
cfn=(488) X509_it
calls=5000 0 
0 15000
0 25000
cfn=(864)
calls=5000 0 
0 26239466

fn=(156) 0x00000000002f0e60
0 86000
cfn=(168) PEM_read_bio_ex
calls=2000 0 
0 61277476
0 12000
cob=(3)
cfi=(3)
cfn=(452)
calls=2000 0 
0 48575
0 12000
cfn=(460) PEM_get_EVP_CIPHER_INFO
calls=2000 0 
0 62000
0 46000
cfn=(108)
calls=2000 0 
0 22000
0 8000
cfn=(108)
calls=2000 0 
0 22000
0 8000
cfn=(108)
calls=2000 0 
0 22000
0 14000
cfn=(466)
calls=2000 0 
0 76000
0 38000
cfn=(108)
calls=2000 0 
0 184000
0 8000
cfn=(108)
calls=2000 0 
0 184000
0 2000

fn=(168)
0 64000
cfn=(8)
calls=2000 0 
0 6000
0 6000
cfn=(10)
calls=2000 0 
0 1912142
0 8000
cfn=(10)
calls=2000 0 
0 1912142
0 22000
cfn=(16)
calls=2000 0 
0 114000
0 22000
cfn=(170) BIO_gets
calls=2000 0 
0 2717436
0 14000
cfn=(212) 0x00000000002eeba0
calls=2000 0 
0 136000
0 10000
cob=(3)
cfi=(3)
cfn=(230)
calls=2000 0 
0 64722
0 22000
cob=(3)
cfi=(3)
cfn=(230)
calls=2000 0 
0 64722
0 106000
cob=(3)
cfi=(3)
cfn=(238)
calls=16000 0 
0 552000
0 96000
cfn=(212)
calls=16000 0 
0 1008000
0 112000
cob=(3)
cfi=(3)
cfn=(230)
calls=16000 0 
0 559776
0 116000
cfn=(246) BIO_puts
calls=14000 0 
0 6854000
0 126000
cfn=(170)
calls=14000 0 
0 5366000
0 8000
cfn=(170)
calls=2000 0 
0 889000
0 132000
cfn=(416)
calls=2000 0 
0 1748000
0 4000
cfn=(416)
calls=2000 0 
0 2676000
0 44000
cfn=(414) EVP_ENCODE_CTX_free
calls=2000 0 
0 192000
0 14000
cfn=(108)
calls=2000 0 
0 22000
0 10000
cfn=(16)
calls=2000 0 
0 114000
0 70000
cob=(3)
cfi=(3)
cfn=(230)
calls=16000 0 
0 559776
0 72000
cob=(3)
cfi=(3)
cfn=(202)
calls=2000 0 
0 30000
0 10000
cfn=(108)
calls=2000 0 
0 184000
0 8000
cfn=(16)
calls=2000 0 
0 114000
0 14000
cob=(3)
cfi=(3)
cfn=(250)
calls=2000 0 
0 32002
0 10000
cob=(3)
cfi=(3)
cfn=(230)
calls=2000 0 
0 54600
0 12000
cob=(3)
cfi=(3)
cfn=(230)
calls=2000 0 
0 64722
0 24000
cfn=(108)
calls=2000 0 
0 184000
0 18000
cfn=(292)
calls=2000 0 
0 282000
0 12000
cfn=(320)
calls=2000 0 
0 212000
0 10000
cfn=(322) EVP_DecodeInit
calls=2000 0 
0 10000
0 14000
cfn=(324) EVP_DecodeUpdate
calls=2000 0 
0 30438000
0 16000
cfn=(366) EVP_DecodeFinal
calls=2000 0 
0 22000
0 26000
cfn=(292)
calls=2000 0 
0 214000
0 32000
cfn=(376)
calls=2000 0 
0 406436
0 10000
cfn=(16)
calls=2000 0 
0 108000
0 12000
cfn=(16)
calls=2000 0 
0 114000
0 34000

fn=(442)
0 243000
cob=(3)
cfi=(3)
cfn=(444)
calls=27000 0 
0 162000
0 162000
cfn=(108)
calls=27000 0 
0 2611466

fn=(728)
0 102000

fn=(786)
0 351000
cfn=(14)
calls=27000 0 
0 3213998
0 378000

fn=(810) ASN1_item_ex_new
0 352000
cfn=(616)
calls=8000 0 
0 112000
0 160000
cfn=(630)
calls=16000 0 
0 96000
0 80000
cfn=(634)
calls=12000 0 
0 2365821
cfn=(635)
calls=4000 0 
0 472000
0 96000
cfn=(14)
calls=8000 0 
0 904523
0 56000
cfn=(598)
calls=8000 0 
0 168000
0 72000

fn=(1118)
0 666000
cob=(3)
cfi=(3)
cfn=(202)
calls=17000 0 
0 233000
0 528000
cfn=(1120)
calls=26000 0 
0 1856342
0 78000

fn=(1526) UTF8_getc
0 2624000

fn=(1582) 0x0000000000220980
0 1313000

fn=(1604)
0 108801000

fn=(1782) ASN1_put_object
0 1049000

fn=(2086)
0 440000
cfn=(2088)
calls=10000 0 
0 4224000
0 30000
cfn=(2128)
calls=10000 0 
0 4744000
0 252000
cfn=(2570)
calls=8000 0 
0 8144000
0 82000
cfn=(2158)
calls=2000 0 
0 7122000
0 304000
cfn=(5096)
calls=8000 0 
0 2950000
0 64000

fn=(2724) 0x00000000001ca380
0 144000
cfn=(2088)
calls=4000 0 
0 1776000
0 12000
cfn=(2128)
calls=4000 0 
0 1984000
0 192000
cfn=(2158)
calls=4000 0 
0 14700784
0 104000

fn=(2786)
0 5616000

fn=(2924)
0 26000

fn=(3012)
0 28000

fn=(3076) 0x00000000001caed0
0 80000

fn=(3090) 0x0000000000309300
0 340000
cfn=(2094)
calls=20000 0 
0 860000
0 120000
cfn=(2594)
calls=20000 0 
0 5780000
0 440000
cfn=(98)
calls=20000 0 
0 1060000
0 260000
cfn=(2088)
calls=20000 0 
0 7800000
0 260000

fn=(3236)
0 42000
cfn=(92)
calls=6000 0 
0 36000

fn=(3300)
0 130000
cfn=(4512)
calls=2000 0 
0 233984
cfn=(4510) 0x00000000003ad0a0
calls=2000 0 
0 233492
cfn=(4508) 0x00000000003a9ed0
calls=2000 0 
0 228636
cfn=(3306) 0x00000000003ac7c0
calls=4000 0 
0 426000
0 40000
cfn=(3310)
calls=10000 0 
0 220000
0 70000
cfn=(108)
calls=10000 0 
0 1081450

fn=(3324) OSSL_DECODER_from_data
0 38000
cfn=(6)
calls=2000 0 
0 2171167
0 8000
cfn=(3326)
calls=2000 0 
0 132698750
0 10000
cfn=(416)
calls=2000 0 
0 1769447
0 32000
cfn=(292)
calls=2000 0 
0 216000
0 6000

fn=(3560)
0 76000
cfn=(416)
calls=4000 0 
0 96000
0 12000
cfn=(442)
calls=4000 0 
0 452019
0 16000
cfn=(108)
calls=4000 0 
0 368160
0 28000

fn=(3610)
0 56000

fn=(3664)
0 968000
cob=(3)
cfi=(3)
cfn=(452)
calls=86000 0 
0 2068000
0 458000

fn=(3812) d2i_X509_PUBKEY
0 22000
cfn=(794)
calls=2000 0 
0 6000
0 20000
cfn=(491) ASN1_item_d2i'2
calls=2000 0 
0 13393413

fn=(3850)
0 800000

fn=(4072)
0 62000

fn=(4094)
0 56000
cfn=(76)
calls=4000 0 
0 312000
0 20000
cfn=(932)
calls=4000 0 
0 28000
0 20000
cfn=(98)
calls=4000 0 
0 220000
0 28000

fn=(4234)
0 63000

fn=(4286)
0 276000
cfn=(1604)
calls=28000 0 
0 308000
0 84000
cfn=(1604)
calls=28000 0 
0 308000
0 100000

fn=(4508)
0 8000
cfn=(108)
calls=2000 0 
0 220636

fn=(4514)
0 24000
cfn=(4484)
calls=2000 0 
0 54000
0 22000

fn=(4606) 0x00000000000f7200
0 110000
cob=(3)
cfi=(3)
cfn=(4608)
calls=10000 0 
0 3995436
0 70000
cob=(3)
cfi=(3)
cfn=(250)
calls=10000 0 
0 244000
0 60000

fn=(4734)
0 10000
cfn=(14)
calls=1000 0 
0 108000
0 5000
cfn=(4736) OPENSSL_sk_new
calls=1000 0 
0 127000
0 5000
cfn=(764)
calls=1000 0 
0 322860
0 4000
cfn=(4738)
calls=1000 0 
0 125000
0 7000
cfn=(32)
calls=1000 0 
0 286000
0 3000
cfn=(122) CRYPTO_THREAD_lock_new
calls=1000 0 
0 140000
0 13000

fn=(4818)
0 8000

fn=(4894) X509_OBJECT_retrieve_by_subject
0 7000
cfn=(4896)
calls=1000 0 
0 249618
0 7000
cfn=(1454)
calls=1000 0 
0 13000

fn=(4924) X509_subject_name_cmp
0 4000
cfn=(4926) X509_NAME_cmp
calls=1000 0 
0 68618

fn=(4948) X509_get_subject_name
0 16000

fn=(4972) EVP_MD_is_a
0 26000
cfn=(2560)
calls=2000 0 
0 12000
0 4000
cfn=(2128)
calls=2000 0 
0 992000
0 10000
cfn=(2570)
calls=2000 0 
0 1740000
0 34000
cfn=(2570)
calls=2000 0 
0 1740545
0 30000
cfn=(4974) EVP_MD_get0_name
calls=2000 0 
0 90000
0 14000

fn=(4988)
0 129000
cfn=(1638) ASN1_item_ex_i2d
calls=3000 0 
0 3399000
0 24000
cfn=(16)
calls=3000 0 
0 171000
0 30000
cfn=(1638)
calls=3000 0 
0 8478664
0 18000

fn=(5068)
0 96000
cfn=(1188)
calls=6000 0 
0 354000
0 132000

fn=(5266)
0 38000

fn=(5276)
0 68000
cob=(3)
cfi=(3)
cfn=(202)
calls=2000 0 
0 27000
0 38000
cfn=(5278) 0x000000000032b800
calls=2000 0 
0 6384000
0 16000

fn=(5352)
0 76000
cfn=(5354) EVP_MD_get_size
calls=4000 0 
0 32000
0 56000
cfn=(7266) 0x00000000003a91a0
calls=2000 0 
0 9118000
cfn=(5356)
calls=2000 0 
0 3156000
0 82000

fn=(5388) 0x00000000003a8e40
0 10000
cfn=(288)
calls=2000 0 
0 368000

fn=(5464) X509_get_ext_d2i
0 72000
cfn=(5466) X509V3_get_d2i
calls=24000 0 
0 8993929

fn=(5466)
0 516000
cfn=(92)
calls=36000 0 
0 216000
0 24000
cfn=(92)
calls=12000 0 
0 72000
0 204000
cfn=(1454)
calls=36000 0 
0 468000
0 108000
cfn=(5468)
calls=36000 0 
0 216000
0 72000
cfn=(1186)
calls=36000 0 
0 864000
0 129000
cfn=(5470) X509_EXTENSION_get_critical
calls=3000 0 
0 30000
0 30000
cfn=(5472) X509V3_EXT_d2i
calls=3000 0 
0 5645929
0 399000

fn=(5470)
0 60000

fn=(5482) ASN1_STRING_get0_data
0 12000

fn=(5798)
0 18000
cfn=(786)
calls=6000 0 
0 720000

fn=(6066) X509_get0_notAfter
0 12000

fn=(6268)
0 21000
cfn=(4234)
calls=1000 0 
0 3000
0 15000

fn=(6290)
0 34000

fn=(6308)
0 13000
cfn=(92)
calls=1000 0 
0 6000
0 5000
cfn=(1454)
calls=1000 0 
0 13000
0 20000
cfn=(6346) 0x0000000000373240
calls=1000 0 
0 14000
0 4000
cfn=(4834)
calls=1000 0 
0 22000
0 5000
cfn=(6358) X509_verify
calls=1000 0 
0 1568101657
0 10000
cfn=(5754)
calls=2000 0 
0 24084252
0 16000
cfn=(6334) 0x000000000037fd90
calls=2000 0 
0 8000
0 26000
cfn=(4944) 0x0000000000373ed0
calls=1000 0 
0 2211260
0 8000
cfn=(1454)
calls=1000 0 
0 13000
0 2000

fn=(6382)
0 24000

fn=(190)
0 316000
cfn=(176)
calls=16000 0 
0 96000
0 6000
cfn=(176)
calls=2000 0 
0 12000
0 270000
cob=(3)
cfi=(3)
cfn=(202)
calls=18000 0 
0 373436
0 234000

fn=(580)
0 242000
cfn=(438)
calls=2000 0 
0 578000
0 4000
cfn=(860) X509_CERT_AUX_free
calls=2000 0 
0 122000
0 4000
cfn=(876) ASN1_OCTET_STRING_free
calls=2000 0 
0 266000
0 4000
cfn=(882)
calls=2000 0 
0 986000
0 4000
cfn=(888) CRL_DIST_POINTS_free
calls=2000 0 
0 232000
0 4000
cfn=(914) 0x000000000035f550
calls=2000 0 
0 14000
0 4000
cfn=(920) GENERAL_NAMES_free
calls=2000 0 
0 232000
0 4000
cfn=(926) NAME_CONSTRAINTS_free
calls=2000 0 
0 122000
0 6000
cfn=(932)
calls=2000 0 
0 14000
0 4000
cfn=(936) ASIdentifiers_free
calls=2000 0 
0 122000
0 4000
cfn=(876)
calls=2000 0 
0 16000
0 8000
cfn=(108)
calls=2000 0 
0 22000
0 136000
cfn=(438)
calls=2000 0 
0 578000
0 4000
cfn=(860)
calls=2000 0 
0 122000
0 4000
cfn=(876)
calls=2000 0 
0 16000
0 4000
cfn=(882)
calls=2000 0 
0 122000
0 4000
cfn=(888)
calls=2000 0 
0 232000
0 4000
cfn=(914)
calls=2000 0 
0 14000
0 4000
cfn=(920)
calls=2000 0 
0 232000
0 4000
cfn=(926)
calls=2000 0 
0 122000
0 6000
cfn=(932)
calls=2000 0 
0 14000
0 4000
cfn=(936)
calls=2000 0 
0 122000
0 4000
cfn=(876)
calls=2000 0 
0 16000
0 64000
cfn=(32)
calls=4000 0 
0 1144000
0 48000

fn=(636)
0 39000

fn=(834)
0 114000

fn=(864)
0 320000
cfn=(866)
calls=40000 0 
0 36650644
0 200000

fn=(865)
0 160000
cfn=(867)
calls=20000 0 
0 6925323
0 100000

fn=(1196) 0x000000000021e390
0 1069000
cfn=(4918) 0x000000000037b880
calls=1000 0 
0 84618
cfn=(3122)
calls=34000 0 
0 204000
0 454000

fn=(1422) 0x000000000038af60
0 64000
cfn=(430)
calls=4000 0 
0 444285
0 12000
cfn=(932)
calls=4000 0 
0 573284
0 16000
cfn=(108)
calls=4000 0 
0 44000
0 16000
cfn=(108)
calls=4000 0 
0 378506
0 40000

fn=(6492)
0 73000
cfn=(1978)
calls=1000 0 
0 197000
0 49000
cfn=(1978)
calls=1000 0 
0 197000
0 9000
cfn=(6508) 0x0000000000210560
calls=2000 0 
0 44000
0 18000
cfn=(6524)
calls=2000 0 
0 38000
0 10000
cfn=(6534) EVP_SIGNATURE_free
calls=2000 0 
0 16000
0 4000
cfn=(4422)
calls=2000 0 
0 16000
0 8000
cfn=(6540) EVP_SIGNATURE_fetch
calls=2000 0 
0 5136000
0 12000
cfn=(6548) EVP_SIGNATURE_get0_provider
calls=2000 0 
0 8000
0 14000
cfn=(6578) 0x000000000020bec0
calls=2000 0 
0 202000
0 26000
cfn=(6382)
calls=2000 0 
0 8000
0 8000
cfn=(6556) 0x00000000002047a0
calls=2000 0 
0 4980000
0 12000
cfn=(6372) EVP_PKEY_CTX_new_from_pkey
calls=1000 0 
0 9050772
0 18000
cfn=(3540)
calls=2000 0 
0 420000
0 18000
cfn=(5234)
calls=2000 0 
0 12000
0 6000
cfn=(6626)
calls=2000 0 
0 318000
0 46000
cfn=(6694) 0x00000000003d7d50
calls=2000 0 
0 2655082
0 8000
cfn=(6948) 0x0000000000213250
calls=2000 0 
0 22000
0 8000
cfn=(4422)
calls=2000 0 
0 44000
0 28000
cfn=(6650)
calls=2000 0 
0 2032000
0 10000
cob=(3)
cfi=(3)
cfn=(452)
calls=2000 0 
0 88000
0 6000

fn=(6694)
0 28000
cfn=(4234)
calls=2000 0 
0 6000
0 16000
cfn=(4086)
calls=2000 0 
0 18000
0 16000
cfn=(6708)
calls=2000 0 
0 254672
0 38000
cfn=(6932) 0x0000000000226b20
calls=2000 0 
0 42000
0 16000
cfn=(6724) 0x00000000003e0e70
calls=2000 0 
0 1808347
0 8000
cfn=(6908) 0x0000000000226800
calls=2000 0 
0 344063
0 10000
cfn=(6824) 0x0000000000225f80
calls=2000 0 
0 18000
0 4000
cfn=(6774)
calls=2000 0 
0 24000
0 4000

fn=(6730)
0 68000
cfn=(14)
calls=2000 0 
0 228290
0 28000

fn=(6808)
0 92000

fn=(6822) 0x0000000000221260
0 26000
cfn=(6824)
calls=2000 0 
0 18000
0 30000
cfn=(6832) 0x00000000002267d0
calls=2000 0 
0 562057
0 10000
cfn=(6824)
calls=2000 0 
0 18000
0 18000
cfn=(6852) 0x00000000002264e0
calls=2000 0 
0 254000
0 10000
cfn=(6808)
calls=2000 0 
0 46000
0 8000

fn=(6832)
0 36000
cfn=(108)
calls=2000 0 
0 184057
0 60000
cfn=(6852)
calls=2000 0 
0 254000
0 28000

fn=(6852)
0 108000
cfn=(6760)
calls=4000 0 
0 324000
0 76000

fn=(6908)
0 28000
cfn=(6838)
calls=2000 0 
0 262063
0 26000
cfn=(108)
calls=2000 0 
0 22000
0 6000

fn=(6948)
0 22000

fn=(7218)
0 24049000

fn=(8004)
0 5000
cfn=(4010)
calls=1000 0 
0 46000

fn=(170)
0 594000
cfn=(4606)
calls=10000 0 
0 4479436
cfn=(172) 0x00000000000f7dc0
calls=8000 0 
0 3359000
0 540000

fn=(326) 0x00000000001f5710
0 8114000

fn=(378)
0 280000
cfn=(3490)
calls=8000 0 
0 1532000
cfn=(394)
calls=2000 0 
0 248436
0 270000

fn=(379)
0 224000
cfn=(394)
calls=8000 0 
0 724000
0 216000

fn=(488)
0 27000

fn=(598)
0 1420000
cfn=(122)
calls=2000 0 
0 280000
0 30000
cfn=(442)
calls=2000 0 
0 265259
0 4000

fn=(616)
0 424000

fn=(740)
0 1060000

fn=(750)
0 36000

fn=(778)
0 18000

fn=(806)
0 16000
cfn=(728)
calls=4000 0 
0 12000
0 12000
cfn=(808)
calls=4000 0 
0 2008000

fn=(876)
0 16000
cfn=(878)
calls=8000 0 
0 298000

fn=(936)
0 28000
cfn=(938) ASIdentifiers_it
calls=4000 0 
0 12000
0 20000
cfn=(865)
calls=2000 0 
0 92000
cfn=(864)
calls=2000 0 
0 92000

fn=(1050)
0 2388000
cfn=(512)
calls=47000 0 
0 7303000
0 3088000
cfn=(1094)
calls=3000 0 
0 1177000
0 81000
cfn=(1942)
calls=8000 0 
0 1642627
0 260000
cfn=(1176)
calls=17000 0 
0 10691889
0 146000
cfn=(1118)
calls=13000 0 
0 1738130
0 60000
cfn=(786)
calls=2000 0 
0 385929
0 16000

fn=(1120)
0 480000
cob=(3)
cfi=(3)
cfn=(2516)
calls=20000 0 
0 7079742
0 90000
cfn=(16)
calls=30000 0 
0 1798342

fn=(1482) 0x000000000038b180
0 52000
cfn=(764)
calls=4000 0 
0 554556
0 40000
cfn=(92)
calls=4000 0 
0 24000
0 12000
cfn=(92)
calls=4000 0 
0 24000
0 32000
cfn=(1454)
calls=4000 0 
0 52000
0 20000
cfn=(764)
calls=4000 0 
0 541278
0 24000
cfn=(1394)
calls=4000 0 
0 1316601
0 20000
cfn=(1504)
calls=4000 0 
0 3158344
0 20000
cfn=(1510)
calls=4000 0 
0 96000
0 40000
cfn=(1360)
calls=4000 0 
0 36000
0 20000
cfn=(1394)
calls=4000 0 
0 922197
0 36000
cfn=(1520)
calls=4000 0 
0 11310316
0 40000
cfn=(1582)
calls=4000 0 
0 52000
0 32000
cfn=(1582)
calls=4000 0 
0 52000
0 953000
cfn=(1582)
calls=82000 0 
0 1066000
0 306000
cfn=(1604)
calls=71000 0 
0 781000
0 148000
cfn=(1582)
calls=11000 0 
0 143000
0 105000
cfn=(1828)
calls=4000 0 
0 244000
0 12000
cfn=(932)
calls=4000 0 
0 5147408
0 76000
cfn=(1628) 0x000000000038ae90
calls=4000 0 
0 4248000
0 36000
cfn=(16)
calls=4000 0 
0 478298
0 36000
cfn=(1628)
calls=4000 0 
0 11560000
0 8000

fn=(1522)
0 28000
cfn=(1524) ASN1_mbstring_ncopy
calls=4000 0 
0 11066316
0 32000

fn=(1548) 0x00000000000ccab0
0 3690000

fn=(2048) OSSL_DECODER_CTX_new
0 20000
cfn=(14)
calls=2000 0 
0 202000
0 22000

fn=(2084) 0x00000000001fb140
0 54000
cfn=(2086)
calls=2000 0 
0 9238000
0 26000
cfn=(2088)
calls=2000 0 
0 888000
0 8000
cfn=(2436)
calls=2000 0 
0 56445917
0 40000

fn=(2256)
0 114000

fn=(2268)
0 36000
cfn=(2088)
calls=4000 0 
0 1776000
0 38000
cfn=(2088)
calls=2000 0 
0 888000
0 136000
cfn=(76)
calls=6000 0 
0 318000

fn=(2322)
0 36000
cfn=(2088)
calls=4000 0 
0 1776000
0 38000
cfn=(2088)
calls=2000 0 
0 888000
0 82000
cfn=(98)
calls=6000 0 
0 330000

fn=(2338)
0 54000

fn=(2408)
0 76000

fn=(2556)
0 638000
cfn=(2558) 0x00000000001fb230
calls=58000 0 
0 91120178
0 522000

fn=(2800)
0 26000

fn=(2858)
0 36000

fn=(3020)
0 26000

fn=(3106)
0 80000
cob=(3)
cfi=(3)
cfn=(452)
calls=20000 0 
0 660000

fn=(3132) 0x0000000000308d40
0 368000
cfn=(2088)
calls=16000 0 
0 6240000
0 112000
cfn=(2094)
calls=16000 0 
0 688000
0 128000
cfn=(2686)
calls=16000 0 
0 5568000
0 32000
cfn=(98)
calls=16000 0 
0 848000
0 288000

fn=(3220)
0 28000

fn=(3446)
0 44000
cfn=(3448)
calls=2000 0 
0 10489680
0 44000
cfn=(3578)
calls=2000 0 
0 12000
0 8000
cfn=(3584)
calls=2000 0 
0 7885832
0 18000
cfn=(3604)
calls=2000 0 
0 34000
0 8000
cfn=(3622)
calls=2000 0 
0 98000
0 8000
cfn=(108)
calls=2000 0 
0 185123
0 12000
cfn=(3610)
calls=2000 0 
0 26000
0 4000
cfn=(1186)
calls=2000 0 
0 48000
0 16000
cfn=(2036) OBJ_obj2txt
calls=2000 0 
0 474000
0 10000
cfn=(3622)
calls=2000 0 
0 2440000
0 10000
cfn=(3628)
calls=2000 0 
0 98000
0 22000
cfn=(3628)
calls=2000 0 
0 98000
0 22000
cfn=(3634)
calls=2000 0 
0 24000
0 20000
cfn=(3638)
calls=2000 0 
0 22000
0 18000
cfn=(3642)
calls=2000 0 
0 18000
0 18000
cfn=(3347)
calls=2000 0 
0 105417566
0 4000

fn=(3634)
0 48000

fn=(3794)
0 56000
cfn=(3812)
calls=2000 0 
0 13441413
0 10000
cfn=(4010)
calls=2000 0 
0 92000
0 6000
cfn=(4018) X509_PUBKEY_free
calls=2000 0 
0 2028000
0 18000
cfn=(4018)
calls=2000 0 
0 122000
0 46000
cfn=(14)
calls=2000 0 
0 191363
0 20000
cfn=(108)
calls=2000 0 
0 22000
0 32000

fn=(3830)
0 84000
cfn=(3850)
calls=2000 0 
0 40000
0 6000
cfn=(3850)
calls=2000 0 
0 40000
0 148000
cfn=(3860)
calls=2000 0 
0 646000
0 74000

fn=(4114)
0 66000
cfn=(4122)
calls=2000 0 
0 52000
0 6000
cfn=(3850)
calls=2000 0 
0 40000
0 2000
cfn=(3850)
calls=2000 0 
0 40000
0 8000
cfn=(3850)
calls=4000 0 
0 80000
0 12000
cfn=(3850)
calls=4000 0 
0 80000
0 48000

fn=(4258)
0 32000
cfn=(4264)
calls=2000 0 
0 24741417
0 10000
cfn=(4324)
calls=2000 0 
0 1960000
0 16000

fn=(4342)
0 72000
cfn=(4380) 0x0000000000227c00
calls=4000 0 
0 572000
0 144000
cfn=(3664)
calls=4000 0 
0 258000
0 14000
cfn=(4348)
calls=2000 0 
0 60000
0 16000
cfn=(3664)
calls=4000 0 
0 318000
0 16000
cfn=(4348)
calls=2000 0 
0 60000
0 16000
cfn=(3664)
calls=4000 0 
0 378000
0 16000
cfn=(4348)
calls=2000 0 
0 60000
0 16000
cfn=(3664)
calls=4000 0 
0 472000
0 56000

fn=(4484)
0 44000
cfn=(288)
calls=4000 0 
0 32000
0 32000

fn=(4690)
0 42000

fn=(4738)
0 20000
cfn=(14)
calls=2000 0 
0 202000
0 28000

fn=(4748)
0 20000
cfn=(14)
calls=2000 0 
0 186000
0 24000

fn=(4770)
0 16000
cfn=(4772)
calls=1000 0 
0 34000
0 18000

fn=(4822)
0 18000
cfn=(4824)
calls=1000 0 
0 372000
0 5000
cfn=(4834)
calls=1000 0 
0 22000
0 9000
cfn=(4836)
calls=1000 0 
0 1660627725
0 12000

fn=(4860)
0 17000
cfn=(92)
calls=1000 0 
0 6000
0 16000

fn=(4892)
0 23000
cfn=(4764)
calls=1000 0 
0 56000
0 23000
cfn=(4894)
calls=1000 0 
0 276618
0 4000
cfn=(4786)
calls=1000 0 
0 58000
0 7000
cfn=(4756)
calls=1000 0 
0 15000
0 9000

fn=(4904)
0 55000
cfn=(1196)
calls=1000 0 
0 159618
0 7000

fn=(4942)
0 5000
cfn=(4944)
calls=1000 0 
0 51271122
0 8000

fn=(4970) X509_digest
0 32000
cfn=(4972)
calls=2000 0 
0 4692545
0 20000
cfn=(488)
calls=2000 0 
0 6000
0 18000
cfn=(4986) 0x00000000000cad70
calls=2000 0 
0 29300664
0 32000

fn=(4974)
0 36000
cfn=(4976) EVP_MD_get_type
calls=4000 0 
0 16000
0 12000
cfn=(4978)
calls=4000 0 
0 116000

fn=(4978)
0 290000

fn=(4986)
0 48000
cfn=(4988)
calls=2000 0 
0 11859664
0 16000
cfn=(5060) EVP_MD_get0_provider
calls=2000 0 
0 8000
0 24000
cfn=(5174)
calls=2000 0 
0 12043000
0 10000
cfn=(108)
calls=2000 0 
0 184000
0 10000
cfn=(5226)
calls=2000 0 
0 30000
0 40000
cfn=(4976)
calls=2000 0 
0 8000
0 4000
cfn=(5068)
calls=2000 0 
0 194000
0 10000
cfn=(4974)
calls=2000 0 
0 90000
0 8000
cfn=(5076)
calls=2000 0 
0 4710000
0 4000

fn=(5142)
0 8000
cfn=(5144)
calls=4000 0 
0 32000

fn=(5226)
0 156000

fn=(5234)
0 36000

fn=(5430) ASN1_INTEGER_get_int64
0 20000
cfn=(5438) 0x00000000000cbc60
calls=1000 0 
0 22000
0 24000

fn=(5438)
0 22000

fn=(5478)
0 153000

fn=(5696)
0 16000
cfn=(5698) X509_SIG_INFO_set
calls=2000 0 
0 22000
0 16000

fn=(5764) X509_cmp_time
0 750000
cfn=(5766)
calls=72000 0 
0 504000
0 198000
cfn=(5768) X509_time_adj
calls=6000 0 
0 24110260
0 48000
cfn=(5966) ASN1_TIME_diff
calls=6000 0 
0 8499000
0 60000
cfn=(6056) ASN1_TIME_free
calls=6000 0 
0 1818000
0 12000

fn=(5966)
0 114000
cfn=(5968)
calls=6000 0 
0 3426000
0 126000
cfn=(5968)
calls=6000 0 
0 3426000
0 42000
cfn=(6046)
calls=6000 0 
0 1359000
0 6000

fn=(6264)
0 18000
cfn=(1454)
calls=1000 0 
0 13000
0 2000
cfn=(4834)
calls=1000 0 
0 22000
0 5000
cfn=(6266)
calls=1000 0 
0 55000
0 4000
cfn=(92)
calls=1000 0 
0 6000
0 20000

fn=(6334)
0 8000

fn=(6346)
0 14000

fn=(6358)
0 15000
cfn=(6360) X509_ALGOR_cmp
calls=1000 0 
0 53000
0 9000
cfn=(636)
calls=1000 0 
0 3000
0 9000
cfn=(6364)
calls=1000 0 
0 1567996657
0 16000

fn=(154)
0 12000
cfn=(156)
calls=2000 0 
0 62132051
0 16000

fn=(172)
0 144000
cfn=(176)
calls=8000 0 
0 48000
0 2480000
cfn=(190)
calls=8000 0 
0 575000
0 112000

fn=(268)
0 336000

fn=(418) 0x00000000000f82f0
0 186000
cfn=(430)
calls=5000 0 
0 576019
0 8000
cfn=(430)
calls=4000 0 
0 1372000
0 45000
cfn=(108)
calls=9000 0 
0 849363
0 36000
cfn=(108)
calls=9000 0 
0 868092
0 72000

fn=(440)
0 676000
cfn=(108)
calls=43000 0 
0 3870372
0 301000
cfn=(108)
calls=43000 0 
0 4301729
0 156000

fn=(734)
0 249000

fn=(888)
0 28000
cfn=(890)
calls=4000 0 
0 12000
0 20000
cfn=(865)
calls=2000 0 
0 202000
cfn=(864)
calls=2000 0 
0 202000

fn=(958)
0 6669000

fn=(1188)
0 4494000
cfn=(1190) CRYPTO_atomic_load
calls=107000 0 
0 749000
0 1060000
cfn=(42)
calls=68000 0 
0 1292000
0 690000

fn=(1396)
0 2584000
cfn=(1398)
calls=152000 0 
0 17272965
0 3194000

fn=(1454)
0 27209000

fn=(6756)
0 56000
cfn=(6760)
calls=2000 0 
0 162000
0 16000
cob=(3)
cfi=(3)
cfn=(202)
calls=2000 0 
0 34000
0 2000

fn=(6774)
0 96000

fn=(6980)
0 872850000

fn=(7200)
0 32000

fn=(7856) 0x00000000003a8ec0
0 10000
cfn=(288)
calls=2000 0 
0 518000

fn=(16)
0 11620000
cob=(3)
cfi=(3)
cfn=(18)
calls=1162000 0 
0 66445733

fn=(76)
0 324000
cob=(3)
cfi=(3)
cfn=(78)
calls=81000 0 
0 3658000
0 486000

fn=(212)
0 1144000

fn=(322)
0 10000

fn=(324)
0 22100000
cfn=(326)
calls=12000 0 
0 7716000
0 202000
cfn=(326)
calls=2000 0 
0 398000
0 22000

fn=(414)
0 8000
cfn=(108)
calls=2000 0 
0 184000

fn=(860)
0 28000
cfn=(862) X509_CERT_AUX_it
calls=4000 0 
0 12000
0 20000
cfn=(865)
calls=2000 0 
0 92000
cfn=(864)
calls=2000 0 
0 92000

fn=(884)
0 15000

fn=(920)
0 28000
cfn=(922) GENERAL_NAMES_it
calls=4000 0 
0 12000
0 20000
cfn=(865)
calls=2000 0 
0 202000
cfn=(864)
calls=2000 0 
0 202000

fn=(1528) 0x00000000000ccc10
0 822000
cfn=(1548)
calls=82000 0 
0 3690000
0 820000
cfn=(1526)
calls=82000 0 
0 1312000
0 560000

fn=(1638)
0 644000
cfn=(1670)
calls=6000 0 
0 236000
0 102000
cfn=(580)
calls=4000 0 
0 88000
0 92000
cfn=(1678) 0x00000000000e5170
calls=12000 0 
0 72000
0 72000
cfn=(1640)
calls=12000 0 
0 5056000
0 204000
cfn=(958)
calls=12000 0 
0 324000
0 96000
cfn=(1722)
calls=4000 0 
0 106000
0 32000
cfn=(1782)
calls=2000 0 
0 125000
0 54000
cfn=(1678)
calls=6000 0 
0 36000
0 36000
cfn=(1640)
calls=6000 0 
0 4486664
0 36000
cfn=(958)
calls=6000 0 
0 162000
0 42000
cfn=(580)
calls=2000 0 
0 44000
0 612000
cfn=(1454)
calls=8000 0 
0 104000
0 16000
cfn=(1336)
calls=8000 0 
0 24000
0 48000
cfn=(1639)
calls=8000 0 
0 6152000
0 96000
cfn=(92)
calls=8000 0 
0 48000
0 16000
cfn=(92)
calls=8000 0 
0 48000
0 112000
cfn=(1722)
calls=8000 0 
0 160000
0 132000
cfn=(1782)
calls=4000 0 
0 168000
0 4000
cfn=(1336)
calls=4000 0 
0 12000
0 56000
cfn=(1454)
calls=4000 0 
0 52000
0 28000
cfn=(1639)
calls=4000 0 
0 6824000
0 16000
cfn=(92)
calls=8000 0 
0 48000
0 80000
cfn=(92)
calls=4000 0 
0 24000
0 12000

fn=(1639)
0 1188000
cfn=(1688) 0x00000000000e0f70
calls=54000 0 
0 2538000
0 1058000
cfn=(1688)
calls=12000 0 
0 886000
0 1390000
cfn=(1722)
calls=46000 0 
0 920000
0 176000
cfn=(1782)
calls=12000 0 
0 504000
0 2810000
cfn=(1670)
calls=24000 0 
0 824664
0 564000
cfn=(1678)
calls=36000 0 
0 216000
0 216000
cfn=(1641)
calls=12000 0 
0 2676000
cfn=(1640)
calls=24000 0 
0 6000000
0 612000
cfn=(958)
calls=36000 0 
0 972000
0 1176000
cfn=(1722)
calls=18000 0 
0 360000
0 120000
cfn=(1782)
calls=6000 0 
0 252000
0 132000
cfn=(1678)
calls=12000 0 
0 72000
0 72000
cfn=(1641)
calls=4000 0 
0 1166000
cfn=(1640)
calls=8000 0 
0 3048000
0 72000
cfn=(958)
calls=12000 0 
0 324000
0 78000

fn=(1828)
0 84000
cfn=(1336)
calls=12000 0 
0 36000
0 60000
cfn=(865)
calls=4000 0 
0 3320000
cfn=(864)
calls=8000 0 
0 3295178

fn=(2082) EVP_KEYMGMT_do_all_provided
0 22000
cfn=(2084)
calls=2000 0 
0 66699917
0 22000

fn=(2296)
0 90000
cfn=(2094)
calls=6000 0 
0 258000
0 48000
cfn=(98)
calls=6000 0 
0 318000
0 126000

fn=(2558)
0 754000
cfn=(2560)
calls=58000 0 
0 348000
0 116000
cfn=(2128)
calls=58000 0 
0 25636000
0 290000
cfn=(2570)
calls=58000 0 
0 63164178
0 812000

fn=(2584)
0 11760000
cfn=(2586)
calls=784000 0 
0 111755056
0 5488000
cfn=(2594)
calls=784000 0 
0 311480000
0 3920000
cfn=(108)
calls=784000 0 
0 72128000
0 12384000

fn=(2626)
0 26506000
cfn=(1604)
calls=3340000 0 
0 36740000
0 10020000
cfn=(1604)
calls=3340000 0 
0 36740000
0 12548000

fn=(2814)
0 28000

fn=(2838)
0 30000

fn=(2846)
0 30000

fn=(2854)
0 36000

fn=(2916)
0 24000

fn=(2980)
0 28000

fn=(3172)
0 440000

fn=(3242) OSSL_DECODER_CTX_set_construct
0 18000

fn=(3248) OSSL_DECODER_CTX_set_construct_data
0 18000

fn=(3280)
0 20000
cfn=(14)
calls=2000 0 
0 184000
0 18000

fn=(3306)
0 16000
cfn=(108)
calls=4000 0 
0 410000

fn=(3390)
0 96000

fn=(3394)
0 72000

fn=(3508) CRYPTO_strdup
0 156000
cob=(3)
cfi=(3)
cfn=(250)
calls=12000 0 
0 192000
0 48000
cfn=(16)
calls=12000 0 
0 1713761
0 72000
cob=(3)
cfi=(3)
cfn=(3510)
calls=12000 0 
0 288000
0 132000

fn=(3638)
0 110000

fn=(4012)
0 221000

fn=(4196)
0 72000

fn=(4226)
0 22000
cfn=(4202)
calls=2000 0 
0 18000
0 38000
cfn=(4234)
calls=2000 0 
0 6000
0 24000

fn=(4276)
0 120000

fn=(4282)
0 42000

fn=(4380)
0 52000
cfn=(3664)
calls=4000 0 
0 472000
0 48000

fn=(4584)
0 16000
cfn=(4586)
calls=1000 0 
0 3000
0 2000
cfn=(10)
calls=1000 0 
0 598000
0 8000
cfn=(292)
calls=1000 0 
0 99000
0 7000
cfn=(152)
calls=1000 0 
0 768902096
0 3000
cfn=(416)
calls=1000 0 
0 560608
0 15000

fn=(4590) 0x00000000000f7400
0 53000

fn=(4736)
0 3000
cfn=(766)
calls=1000 0 
0 124000

fn=(4804)
0 29000
cfn=(4806)
calls=1000 0 
0 8000
0 2000
cfn=(4806)
calls=1000 0 
0 8000
0 8000
cfn=(932)
calls=2000 0 
0 478038
0 10000
cfn=(438)
calls=2000 0 
0 578000
0 19000
cfn=(7984)
calls=1000 0 
0 173000
0 1000

fn=(4816)
0 23000

fn=(4956)
0 302000
cfn=(76)
calls=2000 0 
0 156000
0 12000
cfn=(4966) EVP_sha1
calls=2000 0 
0 6000
0 10000
cfn=(4970)
calls=2000 0 
0 34101209
0 6000
cfn=(1978)
calls=2000 0 
0 394000
0 4000
cfn=(5426)
calls=2000 0 
0 112000
0 12000
cfn=(5464)
calls=1000 0 
0 35000
0 7000
cfn=(5464)
calls=1000 0 
0 2255000
0 15000
cfn=(5498)
calls=1000 0 
0 535000
0 6000
cfn=(5464)
calls=1000 0 
0 247000
0 5000
cfn=(5464)
calls=1000 0 
0 35000
0 16000
cfn=(5464)
calls=2000 0 
0 282000
0 18000
cfn=(5464)
calls=2000 0 
0 282000
0 18000
cfn=(5464)
calls=2000 0 
0 282000
0 16000
cfn=(5464)
calls=2000 0 
0 1339000
0 16000
cfn=(5464)
calls=2000 0 
0 2898929
0 10000
cfn=(4890)
calls=2000 0 
0 8000
0 6000
cfn=(4948)
calls=2000 0 
0 8000
0 6000
cfn=(4926)
calls=2000 0 
0 104648
0 14000
cfn=(5464)
calls=2000 0 
0 282000
0 16000
cfn=(5464)
calls=2000 0 
0 282000
0 16000
cfn=(5464)
calls=2000 0 
0 282000
0 14000
cfn=(92)
calls=2000 0 
0 12000
0 16000
cfn=(5464)
calls=2000 0 
0 282000
0 16000
cfn=(5464)
calls=2000 0 
0 282000
0 25000
cfn=(5636)
calls=3000 0 
0 66000
0 6000
cfn=(5636)
calls=2000 0 
0 32000
0 21000
cfn=(5644)
calls=3000 0 
0 126000
0 9000
cfn=(5468)
calls=3000 0 
0 18000
0 6000
cfn=(1186)
calls=3000 0 
0 72000
0 15000
cfn=(5470)
calls=3000 0 
0 30000
0 8000
cfn=(5662) X509_supported_extension
calls=1000 0 
0 156000
0 14000
cfn=(5674)
calls=2000 0 
0 1134000
0 6000
cfn=(3540)
calls=2000 0 
0 420000
0 10000
cfn=(5554)
calls=1000 0 
0 89612
0 4000
cfn=(4834)
calls=1000 0 
0 22000
0 3000
cfn=(5566) 0x00000000003725d0
calls=1000 0 
0 1915106
0 46000
cfn=(98)
calls=2000 0 
0 110000
0 4000

fn=(4966)
0 6000

fn=(5364)
0 55000
cfn=(5278)
calls=2000 0 
0 1806000
0 8000
cfn=(290)
calls=2000 0 
0 168000
0 139000
cfn=(5278)
calls=1000 0 
0 903000
0 3000

fn=(5380)
0 106000
cfn=(7856)
calls=2000 0 
0 528000
cfn=(5388)
calls=2000 0 
0 378000
0 16000
cfn=(5178)
calls=4000 0 
0 24000
0 18000
cfn=(5210)
calls=6000 0 
0 106000
0 24000
cfn=(3850)
calls=6000 0 
0 120000
0 30000
cfn=(5226)
calls=6000 0 
0 72000
0 72000

fn=(5428)
0 21000
cfn=(5430)
calls=1000 0 
0 66000
0 19000

fn=(5566)
0 12000
cfn=(1186)
calls=1000 0 
0 24000
0 4000
cfn=(5572)
calls=1000 0 
0 224000
0 6000
cfn=(4978)
calls=1000 0 
0 29000
0 3000
cfn=(5582)
calls=1000 0 
0 1601106
0 12000

fn=(5770) X509_time_adj_ex
0 132000
cfn=(5776)
calls=6000 0 
0 23798260
0 90000
cob=(3)
cfi=(3)
cfn=(5772)
calls=6000 0 
0 48000
0 12000

fn=(5810)
0 120000
cfn=(5812) BIO_vsnprintf
calls=6000 0 
0 19365364
0 66000

fn=(5812)
0 108000
cfn=(5814) 0x00000000000f07c0
calls=6000 0 
0 19125364
0 132000

fn=(5814)
0 828000
cfn=(5906)
calls=6000 0 
0 240000
0 3576000
cfn=(5840)
calls=72000 0 
0 504000
0 1350000
cfn=(5906)
calls=6000 0 
0 240000
0 468000
cfn=(5876)
calls=36000 0 
0 9459364
0 2460000

fn=(6080)
0 36000
cfn=(108)
calls=2000 0 
0 184000
0 2000
cfn=(7986)
calls=1000 0 
0 114000
0 1000

fn=(6088) X509_self_signed
0 20000
cfn=(4834)
calls=2000 0 
0 44000
0 10000
cfn=(4956)
calls=2000 0 
0 68000
0 30000

fn=(6252)
0 34000

fn=(6366)
0 14000
cfn=(5176)
calls=1000 0 
0 106000
0 7000
cfn=(6372)
calls=1000 0 
0 9241575
0 8000
cfn=(6480)
calls=1000 0 
0 43000
0 13000

fn=(6372)
0 50000
cfn=(6382)
calls=2000 0 
0 8000
0 10000
cfn=(6388)
calls=2000 0 
0 1034000
0 58000
cfn=(4014)
calls=2000 0 
0 18000
0 46000
cfn=(4978)
calls=2000 0 
0 58000
0 18000
cfn=(2012)
calls=2000 0 
0 194000
0 14000
cfn=(6422) 0x000000000020fd90
calls=2000 0 
0 34000
0 16000
cfn=(2492)
calls=2000 0 
0 10000
0 22000
cfn=(2656)
calls=2000 0 
0 16438347
0 26000
cfn=(14)
calls=2000 0 
0 216000
0 22000

fn=(290)
0 3106000

fn=(366)
0 22000

fn=(438)
0 425000
cfn=(36)
calls=25000 0 
0 1800000
0 175000
cfn=(70)
calls=25000 0 
0 1875000
0 125000
cfn=(92)
calls=25000 0 
0 150000
0 150000
cfn=(108)
calls=25000 0 
0 275000
0 50000
cfn=(440)
calls=25000 0 
0 175000
0 600000
cfn=(98)
calls=25000 0 
0 1375000
0 50000

fn=(656)
0 66000

fn=(780)
0 54000

fn=(978)
0 480000
cfn=(4694)
calls=1000 0 
0 3000
0 15000
cfn=(495)
calls=1000 0 
0 805929
0 27000
cfn=(5488)
calls=1000 0 
0 3000
cfn=(834)
calls=2000 0 
0 6000
cfn=(728)
calls=2000 0 
0 6000
cfn=(636)
calls=2000 0 
0 6000
0 105000
cfn=(495)
calls=7000 0 
0 1442264475
0 394000

fn=(979)
0 2429000
cfn=(512)
calls=8000 0 
0 1416000
0 168000
cfn=(1336)
calls=4000 0 
0 12000
cfn=(1330) 0x000000000038ae10
calls=4000 0 
0 12000
0 112000
cfn=(495)
calls=8000 0 
0 29470577
0 80000
cfn=(1394)
calls=8000 0 
0 1616203
0 1543000
cfn=(834)
calls=2000 0 
0 6000
0 30000
cfn=(495)
calls=2000 0 
0 540000
0 229000
cfn=(4694)
calls=3000 0 
0 9000
cfn=(4690)
calls=3000 0 
0 9000
cfn=(834)
calls=6000 0 
0 18000
cfn=(794)
calls=2000 0 
0 6000
cfn=(780)
calls=4000 0 
0 12000
cfn=(778)
calls=2000 0 
0 6000
cfn=(1338)
calls=4000 0 
0 12000
cfn=(750)
calls=4000 0 
0 12000
cfn=(734)
calls=17000 0 
0 51000
cfn=(728)
calls=8000 0 
0 24000
cfn=(656)
calls=2000 0 
0 6000
0 825000
cfn=(495)
calls=55000 0 
0 1458054309
0 527000
cfn=(764)
calls=8000 0 
0 1271465
0 1862000
cfn=(512)
calls=3000 0 
0 428000
0 55000
cfn=(986)
calls=2000 0 
0 12819630
0 1066000

fn=(1272)
0 520000
cfn=(108)
calls=2000 0 
0 22000
0 12000
cfn=(16)
calls=2000 0 
0 114000
0 14000
cob=(3)
cfi=(3)
cfn=(202)
calls=2000 0 
0 86982
0 345000

fn=(1290)
0 116000
cfn=(1292)
calls=4000 0 
0 19662389
0 36000
cfn=(1422)
calls=4000 0 
0 1588075
0 12000
cfn=(758)
calls=4000 0 
0 1492000
0 96000
cfn=(1442) BUF_MEM_grow
calls=4000 0 
0 532000
0 36000
cob=(3)
cfi=(3)
cfn=(202)
calls=4000 0 
0 56000
0 16000
cfn=(92)
calls=8000 0 
0 48000
0 32000
cfn=(1454)
calls=4000 0 
0 52000
0 20000
cfn=(1454)
calls=4000 0 
0 52000
0 16000
cfn=(1394)
calls=4000 0 
0 800623
0 28000
cfn=(1470)
calls=4000 0 
0 96000
0 16000
cfn=(92)
calls=8000 0 
0 48000
0 44000
cfn=(108)
calls=4000 0 
0 44000
0 12000
cfn=(92)
calls=4000 0 
0 24000
0 20000
cfn=(932)
calls=4000 0 
0 1962833
0 36000
cfn=(1482)
calls=4000 0 
0 43874998
0 12000

fn=(1338)
0 108000

fn=(6556)
0 22000
cfn=(6558)
calls=2000 0 
0 4942000
0 16000

fn=(6932)
0 42000

fn=(7266)
0 24000
cfn=(4234)
calls=2000 0 
0 6000
0 34000
cfn=(7274) SHA512_Final
calls=2000 0 
0 9044000
0 10000

fn=(7274)
0 229000
cfn=(7218)
calls=2000 0 
0 5754000
0 181000
cfn=(7218)
calls=1000 0 
0 2877000
0 3000

fn=(7392)
0 7056000
cfn=(6980)
calls=504000 0 
0 173880000
0 2520000
cfn=(6980)
calls=504000 0 
0 173880000
0 204120000
cfn=(6980)
calls=504000 0 
0 173880000
0 83160000

fn=(7742)
0 34000
cfn=(7744) 0x0000000000168e40
calls=2000 0 
0 190936000
0 8000
cfn=(6994)
calls=2000 0 
0 1182000
0 10000
cfn=(6994)
calls=2000 0 
0 1182000
0 6000
cfn=(7134)
calls=2000 0 
0 428000
0 6000
cfn=(7134)
calls=2000 0 
0 428000
0 34000

fn=(138)
0 210000
cfn=(14)
calls=21000 0 
0 2550486
0 231000

fn=(292)
0 546000
cfn=(4590)
calls=1000 0 
0 53000
cfn=(294)
calls=20000 0 
0 1314000
0 420000

fn=(490) ASN1_item_d2i
0 20000
cfn=(492) ASN1_item_d2i_ex
calls=5000 0 
0 1461746404

fn=(491)
0 8000
cfn=(493)
calls=2000 0 
0 13385413

fn=(666)
0 671000

fn=(758)
0 104000
cfn=(14)
calls=8000 0 
0 752000
0 32000
cfn=(764)
calls=8000 0 
0 1024000
0 32000
cfn=(138)
calls=8000 0 
0 1159000
0 120000

fn=(866)
0 698000
cfn=(1874)
calls=6000 0 
0 1248000
0 1716000
cfn=(598)
calls=5000 0 
0 463259
0 26000
cfn=(580)
calls=2000 0 
0 44000
0 10000
cfn=(1850)
calls=2000 0 
0 44000
0 75000
cfn=(958)
calls=9000 0 
0 243000
0 55000
cfn=(958)
calls=11000 0 
0 297000
0 120000
cfn=(630)
calls=20000 0 
0 120000
0 60000
cfn=(896)
calls=20000 0 
0 25835207
0 90000
cfn=(580)
calls=2000 0 
0 2828000
0 54000
cfn=(108)
calls=9000 0 
0 850178
0 394000
cfn=(598)
calls=7000 0 
0 147000
0 35000
cfn=(1850)
calls=7000 0 
0 140000
0 174000
cfn=(92)
calls=4000 0 
0 24000
0 16000
cfn=(440)
calls=4000 0 
0 28000
0 96000
cfn=(4034)
calls=2000 0 
0 1134000
0 4000
cfn=(4038)
calls=2000 0 
0 432000
0 4000
cfn=(1974)
calls=2000 0 
0 42000
0 8000
cfn=(108)
calls=2000 0 
0 22000
0 8000
cfn=(108)
calls=2000 0 
0 184000
0 20000

fn=(867)
0 1462000
cfn=(1236)
calls=21000 0 
0 483000
0 610000
cfn=(1874)
calls=23000 0 
0 4661639
0 2719000
cfn=(598)
calls=2000 0 
0 46000
0 164000
cfn=(958)
calls=22000 0 
0 594000
0 210000
cfn=(958)
calls=42000 0 
0 1134000
0 384000
cfn=(630)
calls=64000 0 
0 384000
0 192000
cfn=(896)
calls=7000 0 
0 998000
cfn=(897)
calls=57000 0 
0 25762102
0 336000
cfn=(108)
calls=14000 0 
0 1473645
0 1009000
cfn=(598)
calls=20000 0 
0 420000
0 106000
cfn=(1850)
calls=22000 0 
0 646000
0 318000
cfn=(92)
calls=4000 0 
0 24000
0 16000
cfn=(440)
calls=4000 0 
0 28000
0 128000
cfn=(430)
calls=4000 0 
0 1256000
0 12000
cfn=(932)
calls=4000 0 
0 4488000
0 16000
cfn=(108)
calls=4000 0 
0 452000
0 16000
cfn=(108)
calls=4000 0 
0 452000
0 72000
cfn=(4034)
calls=2000 0 
0 1155323
0 4000
cfn=(4038)
calls=2000 0 
0 514034
0 4000
cfn=(1974)
calls=2000 0 
0 2449889
0 8000
cfn=(108)
calls=2000 0 
0 22000
0 8000
cfn=(108)
calls=2000 0 
0 226000
0 20000

fn=(1628)
0 160000
cfn=(1454)
calls=8000 0 
0 104000
0 56000
cfn=(1638)
calls=8000 0 
0 15160000
0 48000
cfn=(92)
calls=8000 0 
0 48000
0 16000
cfn=(92)
calls=8000 0 
0 48000
0 168000

fn=(1678)
0 396000

fn=(1978)
0 88000
cfn=(1980)
calls=22000 0 
0 4004000
0 242000

fn=(2036)
0 180000
cfn=(1186)
calls=4000 0 
0 96000
0 20000
cfn=(2038) OBJ_nid2ln
calls=4000 0 
0 116000
0 36000
cfn=(2040)
calls=4000 0 
0 420000
0 8000
cob=(3)
cfi=(3)
cfn=(250)
calls=4000 0 
0 64000
0 8000

fn=(2038)
0 116000

fn=(2046) OSSL_DECODER_CTX_new_for_pkey
0 32000
cfn=(2048)
calls=2000 0 
0 244000
0 12000
cfn=(2050)
calls=2000 0 
0 18000
0 10000
cfn=(2052) OSSL_DECODER_CTX_set_input_structure
calls=2000 0 
0 18000
0 10000
cfn=(2054) OSSL_DECODER_CTX_set_selection
calls=2000 0 
0 18000
0 16000
cfn=(2056) 0x00000000001cb920
calls=2000 0 
0 311793053
0 12000
cfn=(3264)
calls=2000 0 
0 874821457
0 34000

fn=(2052)
0 18000

fn=(2094)
0 13920000
cob=(3)
cfi=(3)
cfn=(2096)
calls=3480000 0 
0 114840000
0 20880000

fn=(2134) 0x000000000021fa40
0 7940000

fn=(2162)
0 264000
cfn=(2166)
calls=6000 0 
0 20984784
0 6000

fn=(2172)
0 42000

fn=(2900)
0 28000

fn=(2988)
0 30000

fn=(2996)
0 30000

fn=(3004)
0 26000

fn=(3204)
0 28000

fn=(3276)
0 192000

fn=(3310)
0 1936000

fn=(3360) 0x00000000000f8bf0
0 36000
cfn=(16)
calls=4000 0 
0 484571
0 16000
cfn=(122)
calls=4000 0 
0 606981
0 52000

fn=(3460) 0x000000000038fb10
0 20000
cfn=(3462)
calls=4000 0 
0 20000
0 20000

fn=(3470) 0x000000000038fef0
0 40000

fn=(3514)
0 120000
cfn=(3516)
calls=6000 0 
0 1434000
0 72000

fn=(3556)
0 104000

fn=(3642)
0 72000

fn=(3824)
0 40000
cfn=(14)
calls=4000 0 
0 432000
0 28000
cfn=(122)
calls=4000 0 
0 670767
0 32000
cfn=(32)
calls=4000 0 
0 1144000
0 40000

fn=(3866)
0 288000

fn=(3902)
0 30000
cfn=(3604)
calls=2000 0 
0 44000
0 48000
cfn=(3908)
calls=2000 0 
0 1034812
0 18000
cfn=(3970)
calls=2000 0 
0 970000
0 4000

fn=(3938)
0 36000
cfn=(14)
calls=2000 0 
0 202000
0 36000
cfn=(122)
calls=2000 0 
0 444812
0 36000

fn=(4018)
0 28000
cfn=(794)
calls=4000 0 
0 12000
0 20000
cfn=(864)
calls=4000 0 
0 2090000

fn=(4066)
0 6000
cfn=(3972)
calls=2000 0 
0 738000

fn=(4162)
0 26000
cfn=(3578)
calls=2000 0 
0 12000
0 10000

fn=(4266)
0 52000
cfn=(1978)
calls=4000 0 
0 788000
0 8000
cob=(3)
cfi=(3)
cfn=(250)
calls=4000 0 
0 64000
0 20000
cfn=(4272)
calls=4000 0 
0 2752000
0 12000
cfn=(3850)
calls=4000 0 
0 80000
0 48000
cfn=(3540)
calls=4000 0 
0 1276000
0 2000
cfn=(3504)
calls=2000 0 
0 512000
0 8000
cfn=(3506)
calls=2000 0 
0 1062000
0 10000
cfn=(3514)
calls=2000 0 
0 542000
0 6000

fn=(4496)
0 18000
cfn=(932)
calls=2000 0 
0 1555800
0 8000
cfn=(108)
calls=2000 0 
0 22000
0 8000
cfn=(108)
calls=2000 0 
0 205171
0 14000
cfn=(108)
calls=2000 0 
0 184291
0 8000

fn=(4742)
0 8000
cfn=(4744)
calls=1000 0 
0 568000
0 9000

fn=(4814)
0 12000
cob=(3)
cfi=(3)
cfn=(452)
calls=3000 0 
0 77000

fn=(4918)
0 12000
cfn=(4924)
calls=1000 0 
0 72618

fn=(4944)
0 24000
cfn=(1186)
calls=2000 0 
0 48000
0 8000
cfn=(5572)
calls=2000 0 
0 448000
0 12000
cfn=(4978)
calls=2000 0 
0 58000
0 6000
cfn=(5582)
calls=2000 0 
0 3198000
0 46000
cfn=(4890)
calls=2000 0 
0 8000
0 6000
cfn=(4948)
calls=2000 0 
0 8000
0 6000
cfn=(4926)
calls=2000 0 
0 137266
0 8000
cfn=(4956)
calls=2000 0 
0 30684959
0 8000
cfn=(4956)
calls=2000 0 
0 18592545
0 10000
cfn=(5554)
calls=2000 0 
0 97612
0 8000
cfn=(4834)
calls=2000 0 
0 44000
0 16000

fn=(4976)
0 24000

fn=(5018) 0x00000000000c9e50
0 180000
cob=(3)
cfi=(3)
cfn=(202)
calls=2000 0 
0 28000
0 104000

fn=(5126)
0 24000
cfn=(3104)
calls=8000 0 
0 120000

fn=(5240)
0 8000
cfn=(4234)
calls=2000 0 
0 6000
0 14000
cfn=(14)
calls=2000 0 
0 202000

fn=(5278)
0 9093000

fn=(5354)
0 32000

fn=(5376)
0 42000

fn=(5378)
0 43000
cfn=(6508)
calls=2000 0 
0 378000
0 8000
cfn=(108)
calls=2000 0 
0 22000
0 8000
cfn=(108)
calls=2000 0 
0 22000
0 8000
cfn=(4422)
calls=2000 0 
0 44000
0 8000
cfn=(108)
calls=2000 0 
0 22000
0 4000
cfn=(1974)
calls=2000 0 
0 42000
0 4000
cfn=(1974)
calls=2000 0 
0 16000
0 4000
cfn=(3850)
calls=2000 0 
0 40000
0 4000
cfn=(7882) BN_free
calls=2000 0 
0 16000
0 14000
cfn=(108)
calls=2000 0 
0 184000
0 25000

fn=(5472)
0 33000
cfn=(5474)
calls=3000 0 
0 856000
0 15000
cfn=(5480)
calls=3000 0 
0 24000
0 9000
cfn=(5482)
calls=3000 0 
0 12000
0 9000
cfn=(5484) ASN1_STRING_length
calls=3000 0 
0 12000
0 15000
cfn=(884)
calls=1000 0 
0 3000
cfn=(4694)
calls=1000 0 
0 3000
cfn=(5486)
calls=1000 0 
0 3000
0 15000
cfn=(490)
calls=3000 0 
0 4594929
0 42000

fn=(5484)
0 12000

fn=(5486)
0 6000

fn=(5572)
0 270000
cfn=(1192)
calls=6000 0 
0 1068000
0 12000

fn=(5574)
0 180000

fn=(5698)
0 22000

fn=(5754)
0 60000
cfn=(5760) X509_get0_notBefore
calls=3000 0 
0 12000
0 9000
cfn=(5764)
calls=3000 0 
0 18013102
0 27000
cfn=(6066)
calls=3000 0 
0 12000
0 9000
cfn=(5764)
calls=3000 0 
0 17986158
0 47000

fn=(5768)
0 30000
cfn=(5770)
calls=6000 0 
0 24080260

fn=(6048)
0 984000

fn=(6388)
0 56000
cfn=(2626)
calls=4000 0 
0 196000
0 36000
cfn=(2626)
calls=12000 0 
0 1656000
0 124000

fn=(6422)
0 34000

fn=(10)
0 56000
cfn=(12) BIO_new_ex
calls=14000 0 
0 11906502

fn=(12)
0 196000
cfn=(14)
calls=14000 0 
0 1512506
0 182000
cfn=(32)
calls=14000 0 
0 4004000
0 42000
cfn=(122)
calls=14000 0 
0 2073128
0 112000
cfn=(4588) 0x00000000000f7160
calls=1000 0 
0 8000
cfn=(3460)
calls=4000 0 
0 60000
cfn=(128)
calls=9000 0 
0 3520868
0 196000

fn=(150)
0 8000
cfn=(152)
calls=1000 0 
0 750855937

fn=(246)
0 392000
cfn=(248)
calls=14000 0 
0 6070000
0 392000

fn=(416)
0 570000
cfn=(4702) 0x00000000000f7190
calls=1000 0 
0 17000
cfn=(3550)
calls=4000 0 
0 212000
cfn=(418)
calls=9000 0 
0 4012474
0 56000
cfn=(438)
calls=14000 0 
0 4046000
0 28000
cfn=(442)
calls=14000 0 
0 1584781
0 56000
cfn=(108)
calls=14000 0 
0 1288000
0 88000

fn=(486)
0 22000
cfn=(488)
calls=2000 0 
0 6000
0 20000
cfn=(490)
calls=2000 0 
0 1457171475

fn=(492)
0 145000
cfn=(494)
calls=5000 0 
0 1461511404
0 90000

fn=(493)
0 116000
cfn=(495)
calls=4000 0 
0 20808370
0 72000

fn=(862)
0 12000

fn=(878)
0 75000
cfn=(108)
calls=5000 0 
0 523000
0 45000
cfn=(108)
calls=5000 0 
0 521034
0 72000

fn=(914)
0 28000

fn=(922)
0 12000

fn=(1190)
0 749000

fn=(1330)
0 12000

fn=(6534)
0 60000

fn=(6540)
0 22000
cfn=(5078) 0x00000000001faaa0
calls=2000 0 
0 5098000
0 16000

fn=(6548)
0 8000

fn=(6578)
0 56000
cfn=(4422)
calls=2000 0 
0 16000
0 36000
cfn=(6592) 0x0000000000203490
calls=2000 0 
0 72000
0 22000

fn=(6824)
0 54000

fn=(7286)
0 1464000

fn=(7744)
0 36000
cfn=(6980)
calls=2000 0 
0 690000
0 6000
cfn=(6980)
calls=2000 0 
0 690000
0 6000
cfn=(6980)
calls=2000 0 
0 690000
0 8000
cfn=(6994)
calls=2000 0 
0 1182000
0 8000
cfn=(6994)
calls=2000 0 
0 1182000
0 8000
cfn=(6980)
calls=2000 0 
0 690000
0 8000
cfn=(6994)
calls=2000 0 
0 1182000
0 6000
cfn=(6980)
calls=2000 0 
0 690000
0 24000
cfn=(6980)
calls=8000 0 
0 2760000
0 26000
cfn=(6994)
calls=2000 0 
0 1182000
0 6000
cfn=(6980)
calls=2000 0 
0 690000
0 8000
cfn=(6980)
calls=2000 0 
0 690000
0 48000
cfn=(6980)
calls=16000 0 
0 5520000
0 46000
cfn=(6994)
calls=2000 0 
0 1182000
0 8000
cfn=(6980)
calls=2000 0 
0 690000
0 8000
cfn=(6980)
calls=2000 0 
0 690000
0 108000
cfn=(6980)
calls=36000 0 
0 12420000
0 86000
cfn=(6994)
calls=2000 0 
0 1182000
0 8000
cfn=(6980)
calls=2000 0 
0 690000
0 54000
cfn=(6980)
calls=18000 0 
0 6210000
0 50000
cfn=(6994)
calls=2000 0 
0 1182000
0 6000
cfn=(6980)
calls=2000 0 
0 690000
0 8000
cfn=(6980)
calls=2000 0 
0 690000
0 288000
cfn=(6980)
calls=96000 0 
0 33120000
0 206000
cfn=(6994)
calls=2000 0 
0 1182000
0 6000
cfn=(6980)
calls=2000 0 
0 690000
0 8000
cfn=(6980)
calls=2000 0 
0 690000
0 588000
cfn=(6980)
calls=196000 0 
0 67620000
0 406000
cfn=(6994)
calls=2000 0 
0 1182000
0 6000
cfn=(6980)
calls=2000 0 
0 690000
0 8000
cfn=(6980)
calls=2000 0 
0 690000
0 288000
cfn=(6980)
calls=96000 0 
0 33120000
0 206000
cfn=(6994)
calls=2000 0 
0 1182000
0 6000
cfn=(6980)
calls=2000 0 
0 690000
0 24000
cfn=(6980)
calls=8000 0 
0 2760000
0 24000
cfn=(6994)
calls=2000 0 
0 1182000
0 30000

fn=(7948)
0 15000
cfn=(92)
calls=1000 0 
0 6000
0 28000
cfn=(1454)
calls=1000 0 
0 13000
0 16000
cfn=(92)
calls=1000 0 
0 6000
0 10000

fn=(7982)
0 10000
cfn=(4804)
calls=1000 0 
0 978038
0 4000
cfn=(108)
calls=1000 0 
0 11000
0 7000
cfn=(108)
calls=1000 0 
0 92000

fn=(42)
0 948000
cob=(3)
cfi=(3)
cfn=(44)
calls=237000 0 
0 1896000
0 1659000

fn=(98)
0 14244000
cob=(3)
cfi=(3)
cfn=(100)
calls=3561000 0 
0 153285000
0 21366000

fn=(278)
0 636000
cob=(3)
cfi=(3)
cfn=(28)
calls=17000 0 
0 305000
0 366000
cfn=(280)
calls=17000 0 
0 4654345
0 69000
cob=(3)
cfi=(3)
cfn=(28)
calls=5000 0 
0 91000
0 10000

fn=(460)
0 62000

fn=(926)
0 28000
cfn=(928)
calls=4000 0 
0 12000
0 20000
cfn=(865)
calls=2000 0 
0 92000
cfn=(864)
calls=2000 0 
0 92000

fn=(1524)
0 160000
cfn=(1528)
calls=4000 0 
0 7204000
0 144000
cfn=(108)
calls=4000 0 
0 44000
0 152000
cfn=(1526)
calls=4000 0 
0 64000
0 312000
cfn=(1526)
calls=78000 0 
0 1248000
0 1168000
cfn=(1118)
calls=4000 0 
0 562316
0 8000

fn=(1688)
0 2866000
cob=(3)
cfi=(3)
cfn=(202)
calls=10000 0 
0 172000
0 58000
cfn=(5018)
calls=8000 0 
0 312000
0 16000

fn=(1932)
0 76000
cfn=(1292)
calls=2000 0 
0 6305183
0 22000
cfn=(1974)
calls=2000 0 
0 16000
0 4000
cfn=(1978)
calls=2000 0 
0 394000
0 10000
cfn=(2006)
calls=2000 0 
0 300000
0 40000
cfn=(2036)
calls=2000 0 
0 474000
0 22000
cfn=(2046)
calls=2000 0 
0 1187038510
0 18000
cfn=(3324)
calls=2000 0 
0 136949364
0 50000
cfn=(3540)
calls=2000 0 
0 420000
0 6000
cfn=(3994)
calls=2000 0 
0 5188441
0 8000
cfn=(108)
calls=2000 0 
0 22000
0 2000

fn=(1933)
0 76000
cfn=(1292)
calls=2000 0 
0 6298566
0 22000
cfn=(1974)
calls=2000 0 
0 16000
0 4000
cfn=(1978)
calls=2000 0 
0 394000
0 10000
cfn=(2006)
calls=2000 0 
0 4449579
0 20000
cfn=(806)
calls=2000 0 
0 1024000
0 62000
cfn=(3540)
calls=2000 0 
0 420000
0 6000
cfn=(3994)
calls=2000 0 
0 16000
0 8000
cfn=(108)
calls=2000 0 
0 22000
0 12000
cfn=(818)
calls=2000 0 
0 255268
0 14000

fn=(2040)
0 450000
cob=(3)
cfi=(3)
cfn=(250)
calls=6000 0 
0 96000
0 48000

fn=(2054)
0 18000

fn=(2056)
0 46000
cob=(3)
cfi=(3)
cfn=(452)
calls=2000 0 
0 44000
0 14000
cfn=(14)
calls=2000 0 
0 188000
0 12000
cfn=(764)
calls=2000 0 
0 256000
0 8000
cfn=(764)
calls=2000 0 
0 256000
0 24000
cfn=(2082)
calls=2000 0 
0 66743917
0 4000
cfn=(92)
calls=2000 0 
0 12000
0 328000
cfn=(1454)
calls=36000 0 
0 468000
0 216000
cfn=(2556)
calls=36000 0 
0 57276000
0 80000
cfn=(2656)
calls=2000 0 
0 20056435
0 10000
cfn=(440)
calls=2000 0 
0 14000
0 42000
cob=(3)
cfi=(3)
cfn=(452)
calls=2000 0 
0 44000
0 26000
cfn=(2722)
calls=2000 0 
0 165080162
0 4000
cfn=(440)
calls=2000 0 
0 408539
0 10000
cfn=(3236)
calls=2000 0 
0 26000
0 16000
cfn=(3242)
calls=2000 0 
0 18000
0 10000
cfn=(3248)
calls=2000 0 
0 18000
0 10000
cfn=(3254)
calls=2000 0 
0 18000
0 6000

fn=(2088)
0 10488000
cfn=(38)
calls=874000 0 
0 8602000
0 4370000
cfn=(2094)
calls=874000 0 
0 37582000
0 5244000
cfn=(98)
calls=874000 0 
0 46322000
0 4370000
cfn=(2094)
calls=874000 0 
0 37582000
0 3496000
cfn=(2094)
calls=874000 0 
0 37582000
0 4370000
cfn=(2118)
calls=874000 0 
0 33212000
0 2622000
cfn=(98)
calls=874000 0 
0 46322000
0 1748000
cfn=(98)
calls=874000 0 
0 46322000
0 13110000

fn=(2128)
0 11910000
cfn=(2088)
calls=794000 0 
0 310308000
0 3970000
cfn=(2134)
calls=794000 0 
0 7940000
0 17468000

fn=(2624)
0 2496000
cfn=(2626)
calls=624000 0 
0 118380000

fn=(2722)
0 80000
cfn=(2724)
calls=4000 0 
0 18912784
0 44000
cfn=(2088)
calls=4000 0 
0 1776000
0 16000
cfn=(2436)
calls=4000 0 
0 173014424
0 68000

fn=(2782)
0 5728000

fn=(2830)
0 8568000
cfn=(2560)
calls=714000 0 
0 4284000
0 1428000
cfn=(2128)
calls=714000 0 
0 315588000
0 2142000
cfn=(2570)
calls=714000 0 
0 581918405
0 6426000

fn=(2908)
0 24000

fn=(2964)
0 28000

fn=(3054)
0 20000
cfn=(14)
calls=2000 0 
0 186000
0 24000

fn=(3064)
0 180000
cfn=(14)
calls=10000 0 
0 1144788
0 50000
cfn=(2782)
calls=10000 0 
0 80000
0 20000
cfn=(2560)
calls=10000 0 
0 60000
0 30000
cfn=(3076)
calls=10000 0 
0 80000
0 70000
cfn=(3084) 0x0000000000308ca0
calls=10000 0 
0 9202000
0 30000
cfn=(3132)
calls=10000 0 
0 8920000
0 80000
cfn=(3084)
calls=10000 0 
0 10170000
0 38000
cfn=(3132)
calls=6000 0 
0 5352000
0 18000
cfn=(3172)
calls=6000 0 
0 30000
0 8000
cfn=(3172)
calls=4000 0 
0 20000
0 180000

fn=(3084)
0 340000
cfn=(3090)
calls=20000 0 
0 16920000
0 200000
cfn=(1196)
calls=20000 0 
0 1652000
0 260000

fn=(3150)
0 2080000

fn=(3212)
0 26000

fn=(3358)
0 28000
cfn=(3360)
calls=4000 0 
0 1195552
0 20000
cfn=(3374)
calls=4000 0 
0 36000
0 36000

fn=(3400)
0 80000

fn=(3450)
0 28000
cfn=(3452)
calls=4000 0 
0 24000
0 16000
cfn=(10)
calls=4000 0 
0 2533208
0 20000
cfn=(3470)
calls=4000 0 
0 40000
0 20000
cfn=(3480)
calls=4000 0 
0 20000
0 28000

fn=(3488)
0 60000
cfn=(138)
calls=4000 0 
0 795160
0 92000
cfn=(1978)
calls=4000 0 
0 788000
0 56000
cfn=(278)
calls=4000 0 
0 720431
0 28000
cfn=(376)
calls=4000 0 
0 1084000
0 84000
cfn=(520)
calls=4000 0 
0 5581761
0 120000
cfn=(3328)
calls=4000 0 
0 1040000
0 40000
cfn=(3540)
calls=4000 0 
0 1730905
0 88000
cfn=(278)
calls=4000 0 
0 1452914
0 64000
cfn=(376)
calls=4000 0 
0 1080000
0 48000

fn=(3506)
0 78000
cfn=(1980)
calls=6000 0 
0 1092000
0 66000
cfn=(108)
calls=6000 0 
0 66000
0 72000
cfn=(108)
calls=6000 0 
0 66000
0 48000
cfn=(3508)
calls=6000 0 
0 1364864
0 108000
cfn=(3508)
calls=6000 0 
0 1236897
0 18000

fn=(4202)
0 180000

fn=(4456)
0 16000
cfn=(1980)
calls=4000 0 
0 728000
0 56000

fn=(4510)
0 8000
cfn=(108)
calls=2000 0 
0 225492

fn=(4588)
0 8000

fn=(4662)
0 3000
cfn=(786)
calls=1000 0 
0 120000

fn=(4702)
0 17000

fn=(4796)
0 4000
cfn=(4798)
calls=1000 0 
0 148000

fn=(4834)
0 50000
cfn=(4012)
calls=10000 0 
0 170000

fn=(4838)
0 16000
cfn=(92)
calls=1000 0 
0 6000
0 13000
cfn=(764)
calls=1000 0 
0 134808
0 10000
cfn=(4858)
calls=1000 0 
0 53000
0 18000
cfn=(92)
calls=1000 0 
0 6000
0 11000
cfn=(1454)
calls=1000 0 
0 13000
0 10000
cfn=(4888)
calls=1000 0 
0 64147748
0 8000
cfn=(6088)
calls=1000 0 
0 85000
0 16000
cfn=(6110)
calls=1000 0 
0 183000
0 8000
cfn=(440)
calls=1000 0 
0 123000
0 5000
cfn=(92)
calls=1000 0 
0 6000
0 31000
cfn=(1394)
calls=1000 0 
0 78000
0 5000
cfn=(6088)
calls=1000 0 
0 87000
0 5000

fn=(4926)
0 165000
cob=(3)
cfi=(3)
cfn=(1216)
calls=4000 0 
0 86532
0 59000

fn=(5060)
0 8000

fn=(5076)
0 48000
cfn=(5078)
calls=4000 0 
0 9432000
0 32000

fn=(5078)
0 120000
cfn=(2086)
calls=6000 0 
0 14302000
0 108000

fn=(5178)
0 42000

fn=(5372)
0 54000
cfn=(5374)
calls=6000 0 
0 2500000
0 36000
cfn=(108)
calls=6000 0 
0 552000

fn=(5558)
0 50000
cob=(3)
cfi=(3)
cfn=(1216)
calls=2000 0 
0 43224
0 4000

fn=(5646)
0 30000
cfn=(92)
calls=3000 0 
0 18000
0 30000
cfn=(1454)
calls=3000 0 
0 39000

fn=(5662)
0 8000
cfn=(5468)
calls=1000 0 
0 6000
0 2000
cfn=(1186)
calls=1000 0 
0 24000
0 9000
cfn=(1192)
calls=1000 0 
0 94000
0 13000

fn=(5760)
0 12000

fn=(6056)
0 42000
cfn=(780)
calls=6000 0 
0 18000
0 30000
cfn=(864)
calls=6000 0 
0 1728000

fn=(6122)
0 33000
cfn=(6130)
calls=1000 0 
0 59000
0 26000

fn=(6190)
0 51000
cfn=(4956)
calls=2000 0 
0 68000
0 12000

fn=(6360)
0 10000
cfn=(6362)
calls=1000 0 
0 29000
0 14000

fn=(14)
0 1862000
cfn=(16)
calls=266000 0 
0 19429550
0 1862000
cob=(3)
cfi=(3)
cfn=(28)
calls=266000 0 
0 4237000
0 2394000

fn=(122)
0 270000
cfn=(14)
calls=27000 0 
0 2973688
0 162000
cob=(3)
cfi=(3)
cfn=(124)
calls=27000 0 
0 540000
0 270000

fn=(746)
0 144000

fn=(808)
0 88000
cfn=(810)
calls=8000 0 
0 4934344
0 104000

fn=(938)
0 12000

fn=(1442)
0 112000
cfn=(1120)
calls=4000 0 
0 272000
0 44000
cob=(3)
cfi=(3)
cfn=(28)
calls=4000 0 
0 56000
0 48000

fn=(6508)
0 94000
cfn=(7874)
calls=2000 0 
0 258000
0 6000
cfn=(6534)
calls=2000 0 
0 44000
0 20000

fn=(6592)
0 72000

fn=(6724)
0 16000
cfn=(6726)
calls=2000 0 
0 360290
0 14000
cfn=(6752)
calls=2000 0 
0 386000
0 10000
cfn=(6822)
calls=2000 0 
0 1000057
0 22000

fn=(7376)
0 11584000
cob=(3)
cfi=(3)
cfn=(7386)
calls=16000 0 
0 224000
0 112000

fn=(7882)
0 16000

ob=(1) /home/amathur/BPFabric/evaluation/pvl_instruction_benchmark
fl=(2) /home/amathur/BPFabric/agent/signature_verifier.c
fn=(2) verify_elf_signature_x509
120 3000
13 1000
120 10000
13 1000
cob=(3)
cfi=(3)
cfn=(4)
calls=1000 -13 
* 997142
+1 2000
+5 6000
cob=(3)
cfi=(3)
cfn=(148)
calls=1000 -19 
* 750865937
+1 1000
-1 1000
+1 1000
cob=(3)
cfi=(3)
cfn=(4540)
calls=1000 -20 
* 940116
123 2000
-97 2000
cob=(3)
cfi=(3)
cfn=(4542)
calls=1000 -26 
* 330000
+6 1000
-2 1000
-4 1000
+4 2000
+2 1000
cob=(3)
cfi=(3)
cfn=(4550)
calls=1000 -32 
* 465000
* 1000
+1 2000
+6 5000
cob=(3)
cfi=(3)
cfn=(4580)
calls=1000 -39 
* 770223704
+1 1000
-1 1000
+1 1000
cob=(3)
cfi=(3)
cfn=(4708)
calls=1000 -40 
* 587968
+1 2000
+11 1000
cob=(3)
cfi=(3)
cfn=(4732)
calls=1000 -52 
* 1157860
* 1000
+1 2000
+5 3000
cob=(3)
cfi=(3)
cfn=(4740)
calls=1000 -58 
* 587000
* 2000
+5 1000
cob=(3)
cfi=(3)
cfn=(4794)
calls=1000 -63 
* 154000
+1 2000
+5 6000
cob=(3)
cfi=(3)
cfn=(4800)
calls=1000 -69 
* 1316000
* 3000
+80 2000
cob=(3)
cfi=(3)
cfn=(8046)
calls=1000 0 
* 15089209
+1 2000
cob=(3)
cfi=(3)
cfn=(8046)
calls=1000 0 
* 10887257
+3 9000
-82 3000
cob=(3)
cfi=(3)
cfn=(4820)
calls=1000 -71 
* 1661067725
+2 3000
+6 2000
cob=(3)
cfi=(3)
cfn=(7980)
calls=1000 -79 
* 1104038
+1 2000
cob=(3)
cfi=(3)
cfn=(7998)
calls=1000 -80 
* 1308924
+10 2000
cob=(3)
cfi=(3)
cfn=(8002)
calls=1000 -90 
* 53000
* 1000
+1 2000
+6 1000
cob=(3)
cfi=(3)
cfn=(8006)
calls=1000 -97 
* 108000
* 1000
+1 2000
+6 6000
cob=(3)
cfi=(3)
cfn=(8008)
calls=1000 0 
* 17467772
* 2000
+2 7000
cob=(3)
cfi=(3)
cfn=(8026)
calls=1000 0 
* 1551226000
* 1000
+3 2000
+5 2000
cob=(3)
cfi=(3)
cfn=(8042)
calls=1000 0 
* 709000
+1 2000
cob=(3)
cfi=(3)
cfn=(8044)
calls=1000 0 
* 23000
+1 1000

fl=(1) /home/amathur/BPFabric/evaluation/pvl_instruction_benchmark.c
fn=(0) main
114 2
+2 1
-5 1
+6 1
-6 3
+6 11
-1 1
+1 1
cfi=(2)
cfn=(2)
calls=1 +3 
* 4782741
* 5994
-1 999
+1 999
cfi=(2)
cfn=(2)
calls=999 +3 
* 4782010911
* 2000
-1 2000

ob=(4)
fl=(29) ./string/../string/strstr.c
fn=(4574) __GI_strstr
77 9000
+5 1000
-5 3000
+5 2000
+2 4000
cob=(3)
cfi=(3)
cfn=(4576)
calls=1000 -84 
* 23000
* 1000
+1 2000
+1 2000
+75 12000

fl=(34) ./io/../sysdeps/unix/sysv/linux/fstat64.c
fn=(4628) fstat
30 1000
+9 4000
+33 1000

fl=(38) ./io/../sysdeps/unix/sysv/linux/close_nocancel.c
fn=(4722) __close_nocancel
25 1000
+1 4000
+1 1000

fl=(23)
fn=(4544)
24 9000
+1 8000
+3 1000
cob=(3)
cfi=(3)
cfn=(4546)
calls=1000 -28 
* 16000
+1 1000
-1 1000
+1 166000
+2 84000
+1 4000
cob=(3)
cfi=(3)
cfn=(4548)
calls=1000 -32 
* 24000
* 4000
+1 1000
+4 9000

fl=(41) ./time/./time/tzset.c
fn=(5784) __tz_convert
568 54000
+4 6000
-4 30000
+4 12000
+5 48000
cfn=(5786) tzset_internal
calls=6000 372 
* 36000
+2 18000
+1 42000
cfi=(42) ./time/./time/tzfile.c
cfn=(5788) __tzfile_compute
calls=6000 +6 
* 210000
+12 24000
+2 12000
+2 12000
+7 24000
cfi=(43) ./time/./time/offtime.c
cfn=(5790) __offtime
calls=6000 30 
* 1308000
* 12000
+1 12000
+6 66000
-11 6000
-1 6000
+2 6000
-1 6000
+1 12000

fn=(5786)
372 30000
+17 6000

fl=(19)
fn=(1218)
73 72000
+7 72000
+1 72000
+75 46534
+10 46534
+1 46534
+1 46534
+3 93068
401 72000
+1 72000
+5 72000
+1 72000
+1 72000
+1 72000
+1 72000
+3 68231
+1 68231
+1 68231
+1 68231
+3 68231
+1 68231
+1 21697
+1 43394
+6 3769
+1 3769
+2 3143
+1 3143
+2 3143
+1 3143
+76 626
+1 626
+1 626
+1 626
+1 626
+4 626
+1 626
+1 626
+1 626
+1 626
+1 626
+2 626
+2 626
+24 3143
+1 3143
+1 3143
+1 3143
+1 3143
+1 3143
+1 3143
+1 3143
+1 3143
+1 3143
+2 3143
+2 3143

fl=(25) ./libio/./libio/genops.c
fn=(4616) __uflow
299 5000
+1 1000
-1 1000
+1 2000
+5 3000
+3 1000
173 1000
308 2000
+2 2000
+6 2000
+7 1000
fi=(35) ./libio/./libio/libioP.h
1025 3000
+1 2000
fe=(25)
323 2000
+1 3000
-1 1000
cfn=(4618) _IO_default_uflow
calls=1000 +38 
* 2044436
-23 2000
+21 3000

fn=(4622) _IO_doallocbuf
343 1000
+1 2000
-1 7000
+3 3000
+1 1000
fi=(35)
1025 3000
+1 2000
fe=(25)
347 2000
cfi=(33) ./libio/./libio/filedoalloc.c
cfn=(4624) _IO_file_doallocate
calls=1000 78 
* 1888436
* 2000
+3 6000

fn=(4556) _IO_no_init
563 11000
+1 1000
cfn=(4558) _IO_old_init
calls=1000 -33 
* 25000
+1 1000
+1 2000
+2 1000
+4 1000
+7 1000
+2 1000
-9 5000
+15 1000
+1 6000

fn=(4730) _IO_default_finish
601 6000
+2 3000
+6 3000
+3 3000
54 2000
624 3000

fn=(4630) _IO_setb
329 22000
+1 10000
+5 4000
-3 2000
+3 4000
-2 2000
+2 4000
+3 12000
-7 1000
cob=(3)
cfi=(3)
cfn=(4724)
calls=1000 0 
* 169968
+4 2000

fn=(4712) _IO_un_link
53 2000
+1 4000
+28 2000
cfn=(4714) __GI__IO_un_link.part.0
calls=1000 -30 
* 100000

fn=(4714)
52 4000
+6 1000
-6 2000
+6 1000
-6 4000
+6 4000
cfi=(27) ./nptl/./nptl/libc-cleanup.c
cfn=(4564) __libc_cleanup_push_defer
calls=1000 -34 
* 13000
+1 7000
+2 1000
-1 1000
+1 10000
+4 2000
+9 2000
+2 6000
+3 2000
cfi=(27)
cfn=(4566) __libc_cleanup_pop_restore
calls=1000 -25 
* 9000
+3 9000
-19 1000
-2 2000
+2 2000
+13 3000
+2 1000
-2 1000
+1 1000
+1 5000
-12 3000
-7 3000

fn=(4718) _IO_unsave_markers
937 6000
+2 2000
+5 3000
+2 3000

fn=(4558)
531 1000
+3 1000
-2 1000
+2 1000
+5 1000
-7 1000
+2 1000
+10 1000
-10 1000
+16 1000
-11 1000
-5 1000
+16 1000
-16 1000
+21 1000
-16 5000
+16 2000
+1 2000
+2 1000

fn=(4562) _IO_link_in
87 14000
+1 10000
+18 18000
-16 1000
+2 3000
-2 1000
+2 4000
cfi=(27)
cfn=(4564)
calls=1000 -68 
* 13000
+1 7000
+10 2000
cfi=(27)
cfn=(4566)
calls=1000 -49 
* 9000
+3 1000
-11 5000
+2 1000
-2 1000
+3 1000
-3 1000
+2 1000
+3 4000
+2 1000
-2 1000
+1 1000
+1 5000
-9 2000
+1 1000
+1 2000

fn=(4618)
361 2000
fi=(35)
1025 1000
fe=(25)
361 3000
+1 1000
-1 1000
fi=(35)
1025 2000
+1 2000
fe=(25)
362 2000
cfi=(26) ./libio/./libio/fileops.c
cfn=(4620) _IO_file_underflow@@GLIBC_2.2.5
calls=1000 462 
* 2020436
+1 2000
+2 4000
+1 4000

fn=(4634) _IO_switch_to_get_mode
164 6000
+1 3000
+3 3000
+4 2000
+1 2000
+7 1000
-4 1000
+4 1000
-2 2000
+3 1000
+1 4000

fl=(39)
fn=(5774)
31 6000
+1 24000
+1 6000

fl=(40)
fn=(5782)
25 6000
+1 6000
-1 6000
+1 12000
cfi=(41)
cfn=(5784)
calls=6000 568 
* 1962000

fl=(5)
fn=(2708) _int_free_merge_chunk
4665 69830
+1 13966
-1 41898
+5 83796
+3 27932
+5 41898
+3 27932
+1 27932
+1 27932
1992 41898
4689 27932
+2 28
+2 28
-1 28
+2 112
+2 56
cfn=(2680) unlink_chunk.isra.0
calls=28 1608 
* 588
+18 27932
+6 23134
+4 6926
+9 6926
-1 6926
+1 20778
+1 13852
-1 4641
-1 4641
+1 13923
+1 9282
+2 11567
+2 23134
+5 11567
+1 11567
+2 34701
+1 11567
-45 11567
-1 23134
+1 69402
-1 11567
cfn=(2710) _int_free_maybe_consolidate
calls=11567 +69 
* 277608
+1 2399
-1 4798
+1 14394
-1 2399
cfn=(2710)
calls=2399 +69 
* 57576
+39 16989
+16 2399
+1 7197
+1 4798
-37 4641
+1 4641
-1 4641
cfn=(2680)
calls=4641 1608 
* 110703
+1 4641
-47 41898
-2 27932

fn=(112)
3359 1310000
+4 2620000
-4 3492000
+14 1164000
-14 3492000
+12 1164000
+4 1164000
-4 1164000
+4 2328000
+17 3492000
fi=(6) ./malloc/./malloc/arena.c
153 3492000
fe=(5)
3398 3492000
cfn=(236) _int_free
calls=1164000 4495 
* 66403683
+3 1164000
+1 7130000

fn=(20)
3294 9312000
+7 2328000
1326 2328000
+19 5058000
3311 804000
+2 4656000
+3 2328000
+10 82316
+28 246948
-36 3471000
3178 2245684
+4 2245684
+4 1122842
+4 1122842
-4 3368526
+4 1122842
+1 1122842
3354 6737052
-26 164632
cfn=(22) _int_malloc
calls=41158 3846 
* 15807853
+1 205790
fi=(6)
153 82316
fe=(5)

fn=(2522) _int_realloc
4914 154440
+11 77220
+1 96525
+1 77220
+6 38610
+2 38610
+1 57915
+2 77220
+3 38610
+14 1791
+53 3582
-53 3582
+57 1791
-57 1791
+57 3582
-2 3582
+2 2612
+1 1306
+16 1306
+1 11754
-1 485
+1 161991
-79 38610
+12 38086
+12 69008
cfn=(22)
calls=17252 3846 
* 2242844
* 17252
+1 34504
+9 17252
-6 17252
+1 17252
+5 34504
+8 17252
-1 17252
fi=(44) ./malloc/../string/bits/string_fortified.h
29 17252
fe=(5)
4993 103512
fi=(44)
29 17252
cob=(3)
cfi=(3)
cfn=(2524)
calls=17252 -29 
* 368426
fe=(5)
4997 69008
cfn=(236)
calls=17252 4495 
* 1339540
+2 17252
+22 485
-4 485
+3 485
+5 485
-4 485
-1 485
+1 485
+3 485
+1 970
cfn=(236)
calls=485 4495 
* 49793
* 485
-60 2019
-1 4038
+5 5373
cfn=(2680)
calls=1791 1608 
* 38355
+44 3582
-48 3582
-13 262
+1 262
-2 524
+4 1048
+2 262
-2 262
+2 262
-2 524
+1 262
-1 524
+4 262
-3 262
+1 262
+2 262

fn=(24) alloc_perturb
1985 18945
+2 6315

fn=(2518)
3407 220000
+6 40000
+4 40000
+7 40000
5241 20000
3433 20000
5242 60000
-1 40000
+2 40000
3489 695
+49 180000
5244 20000
3441 40000
+2 695
+1 1390
+12 57915
fi=(6)
153 57915
fe=(5)
3464 77220
+1 38610
1326 38610
+19 115830
3475 38610
+31 38610
+2 115830
cfn=(2522)
calls=19305 4914 
* 5466152
* 19305
+1 96525
fi=(6)
153 77220
fe=(5)
3509 38610

fn=(2678) malloc_consolidate
4811 6207
+17 6207
-17 31035
+28 6207
-28 18621
+15 6207
+2 6207
+13 12414
+1 12414
-1 111726
+1 111726
+62 186210
+1 49656
-31 136864
+4 125858
+2 62929
+1 125858
+1 125858
+2 125858
-4 5503
+1 11006
+1 11006
+2 11006
+1 1246
+4 623
+2 623
-2 1246
+3 623
+9 1246
-12 67809
+2 67809
-2 135618
+3 67809
+9 188119
-56 137234
+4 205851
+1 274468
+8 68617
-3 137234
+3 68617
-3 68617
+4 68617
-4 68617
+5 68617
-5 68617
+5 137234
+2 137234
+1 6113
+2 6113
-1 6113
+2 24452
+2 42791
cfn=(2680)
calls=6113 1608 
* 133791
* 30565
+3 137234
+25 185
+1 370
+1 370
-23 5503
+1 16509
+16 11006
-16 5503
cfn=(2680)
calls=5503 1608 
* 115578
* 22012

fn=(2680)
1608 38032
+2 114096
-2 38032
+2 76064
+3 38032
+1 76064
+2 152128
-3 38032
+6 38032
+1 38032
+1 107057
+2 10884
+1 16326
+3 10884
+14 5442
+1 5442
+3 76064

fn=(236)
4495 8272159
+4 3545211
+6 4726948
+1 2363474
+4 5908685
+8 4726948
-1 2363474
+1 2363474
+29 1174490
-20 1174490
-6 1174490
+6 2348980
+20 4697960
1792 143923
4561 287846
+11 519828
+2 389871
1992 129957
4593 129957
1992 259914
4595 129957
+1 129957
+4 259914
+2 129957
-2 129957
+2 129957
+4 259914
+2 389871
+1 129957
+19 476434
+1 4496
+29 7006626
-21 27932
+3 27932
+18 13966
-12 13966
+12 55864
-12 13966
cfn=(2708)
calls=13966 +19 
* 1382174
3163 1037814
+4 1037814
-4 1037814
+2 4151256
+1 1037814
+1 1037814
4550 1037814

fn=(2710)
4770 153626
+6 27932
+22 153626

fn=(22)
3846 642510
1326 116820
+19 348607
3887 113114
1794 56557
3914 113114
+65 86018
-63 172036
+3 43009
+2 86018
+2 22480
-6 11240
+9 22480
+1 56200
+5 22480
+1 22480
+7 11240
-1 22480
+1 56200
+5 22480
3165 11240
3945 11240
+1 23412
+5 300552
3165 50092
-2 50092
+4 50092
-2 50092
3945 50092
3163 50092
+3 50092
+1 50092
3946 263393
+2 100184
+2 100184
+27 27096
+62 40000
+1 21000
+20 29829
-1 29829
-1 29829
+1 59658
+1 59658
-2 59658
+12 149145
-1 42404
+4 42404
+1 21202
+2 42404
-3 125882
+1 62941
+2 125882
+1 252429
+2 84143
+1 336572
+2 336572
-10 84143
+12 168286
+1 168286
+2 168286
+11 208220
+29 74272
+1 74272
+4 148544
+29 140360
+8 70665
+1 5433
+1 5433
-1 5433
+4 10866
-4 9
+1 9
-1 9
+4 18
3887 3706
+27 3706
+66 40170
+2 40170
-2 40170
+2 80340
+2 17341
+1 34682
+6 17341
-4 17341
+1 17341
+1 17341
+2 34682
+7 69364
-1 34682
+1 34682
+5 185786
+1 77540
+2 66054
-92 5559
1345 1853
3919 3706
+2 3706
+9 100866
4041 12414
cfn=(2678)
calls=6207 4811 
* 3913136
* 6207
+93 6144
+1 6144
-1 6144
+1 12288
-14 6144
+19 12288
+1 35489
1985 37470
4487 700920
1985 17341
4020 17341
1985 34682
4163 139302
+1 208953
+1 69651
-1 69651
+57 139302
+9 69651
-9 139302
+9 69651
-9 208953
+1 69651
+1 69651
+1 69651
+1 69651
+6 139302
-10 10884
+9 5442
-9 10884
+9 5442
-9 16326
+1 5442
+1 5442
+1 5442
+1 5442
+6 10884
+1 1000
+1 2000
+7 4000
4070 225279
4246 28858
+11 68232
+2 19875
+3 6625
-3 6625
+3 13250
+1 23369
+71 66369
-4 22123
+1 22123
+1 22123
-1 22123
+1 22123
+1 44246
+1 66369
+5 106133
+16 43949
+2 87898
-4 147576
+8 29839
+3 59678
+2 10504
+1 10504
+1 10504
-2 42016
-27 10504
-99 296372
3163 4894
+4 4894
-4 4894
+2 39152
+1 9788
+1 4894
4070 12065
+74 4554
-45 26894
+2 9871
-1 19742
+27 6965
+1 6965
+4 13930
+29 9835
+8 45
4008 33027
+1 33027
+1 66054
3159 33027
4012 33027
3167 33027
-8 33027
+4 33027
4013 33027
3163 33027
+2 132108
+1 33027
+2 33027
-2 33027
+1 33027
+1 33027
4218 5442
-48 5442
+48 16326
4343 24756
+3 29004
-3 6654
+3 4836
-3 3582
+3 4748
-3 1542
4443 2788
+1 5576
+2 5576
+3 8364
4070 6548
-91 39288
4343 5464
+5 21856
+1 10928
+24 77340
+3 38670
+2 19335
+3 38670
-3 38670
+3 19335
cfn=(2680)
calls=19335 1608 
* 459135
+3 77340
+15 27862
-5 13931
+5 27862
+1 27862
+3 13931
+1 13931
+1 13931
+3 27862
+1 9936
+1 27862
+2 8842
+3 35368
+2 13263
+1 4421
1985 4421
4421 4421
1985 8842
4415 76080
+2 28530
+1 9510
1985 9510
4421 9510
1985 24424
4421 5404
1985 10808
4387 5404
-1 5404
+1 10808
4070 2617
3199 2617
-21 2617
+4 5234
+17 312
-21 312
+4 624
+8 2929
-4 11716
+4 2929
+1 5858
4248 2929
4105 2906
-1 2906
+3 2906
-1 2906
+1 5812
+1 8718
+1 5812
+2 52
+4 26
+6 26
-6 26
+7 26
-7 156
+2 78
+5 26
-4 26
+4 26
cfn=(24)
calls=26 1985 
* 104
-7 2880
+6 2880
-6 2880
+7 2880
-7 17280
+2 8640
+5 2880
-4 2880
+4 2880
cfn=(24)
calls=2880 1985 
* 11520
+1 2906
4460 10227
cfn=(24)
calls=3409 1985 
* 13636
+1 3409
-9 5576
+2 5576
-1 2788
+1 2788
-3 2788
+3 2788
+2 2788
-2 11152
+2 2788
+3 6818
4266 621
+1 3726
+6 1242
+5 621
+1 1242
-1 1242
+1 621
cfn=(2680)
calls=621 1608 
* 20493
+3 2484
+13 1242
-4 621
+4 1242
+1 1242
+3 621
+1 621
+1 621
+1 1242
+5 4968
+2 1863
+1 621
+3 621
+63 936

fl=(21)
fn=(2098)
23 27840000
+1 3480000
fi=(11) ./nptl/./nptl/pthread_rwlock_common.c
298 13920000
+12 6960000
+43 10440000
+17 6960000
+20 6960000
+1 3480000
fe=(21)
27 3480000
+2 24360000

fl=(36) ./io/../sysdeps/unix/sysv/linux/read.c
fn=(4638) read
25 1000
+1 6000
+1 1000

fl=(43)
fn=(5790)
30 6000
+4 6000
-4 54000
+4 30000
+1 6000
-1 6000
+1 6000
+2 12000
+10 6000
+5 6000
-5 12000
+16 6000
-16 18000
+1 6000
-1 12000
+1 6000
+1 24000
+1 6000
-1 6000
+1 24000
+2 18000
-2 6000
+5 6000
-3 42000
+15 6000
-15 6000
+2 12000
-2 6000
+8 6000
+3 84000
+4 204000
-1 6000
+1 6000
-1 6000
+1 12000
-1 12000
+2 6000
-2 6000
+1 6000
+1 198000
+1 6000
-1 30000
-2 6000
-6 96000
+11 6000
+1 6000
-1 6000
+1 18000
-30 12000
+36 6000
+1 18000
+1 24000
+2 6000
+1 6000
+2 6000
-1 12000
+2 42000
-6 90000

fl=(20)
fn=(1984)
25 68000
+1 136000
+1 68000

fl=(24)
fn=(4552)
85 7000
-20 1000
+20 2000
-20 1000
cob=(3)
cfi=(3)
cfn=(4554)
calls=1000 -65 
* 47000
+2 3000
+3 1000
+2 2000
-2 1000
+2 5000
cfi=(25)
cfn=(4556)
calls=1000 563 
* 56000
+1 1000
+1 1000
-1 1000
+1 1000
cfi=(26)
cfn=(4560) _IO_new_file_init_internal
calls=1000 +32 
* 102000
+1 5000
cfi=(26)
cfn=(4568) _IO_file_fopen@@GLIBC_2.2.5
calls=1000 213 
* 215000
* 2000
-38 2000
+50 7000

fl=(31)
fn=(4610)
32 70000
+5 40000
+2 20000
+8 90000
+4 10000
+1 10000
+1 20000
-1 10000
+1 40000
-2 10000
+2 10000
cfi=(32) ./libio/./libio/iogetline.c
cfn=(4612) _IO_getline
calls=10000 -20 
* 3305436
+3 10000
+1 10000
-1 20000
fi=(35)
980 80000
fe=(31)
66 70000
-10 20000
+4 10000
+3 10000
-2 10000
+2 20000
fi=(35)
979 30000
fe=(31)
47 50000

fl=(42)
fn=(5788)
586 78000
+3 12000
766 6000
-4 6000
-4 30000
+1 12000
+3 6000
+2 12000
+19 48000

fl=(18)
fn=(446)
24 27000
+1 27000
+4 54000

fl=(27)
fn=(4564)
24 2000
+1 2000
+2 4000
+2 4000
+3 4000
+14 6000
+2 2000
+1 2000

fn=(4566)
54 2000
+1 2000
+2 4000
+2 2000
+1 6000
+11 2000

fl=(7)
fn=(30)
158 300000
+1 600000
+5 300000
+1 300000
+1 224000
+1 224000
+1 224000
+2 166000
+1 166000
+1 332000
+9 28000
+1 28000
+2 56000
+53 58000
+1 58000
+6 58000
+1 58000
+12 58000
+3 58000
+1 58000
+12 30000
+1 30000
+13 30000
+1 30000
+2 30000
+3 5000
+3 5000
+3 5000
+1 5000
+1 5000
+1 5000
+1 5000
+1 5000
+1 5000
-6 1000
+1 1000
+1 1000
+1 1000
+1 1000
+1 1000
+1 6000
+3 5000
+1 5000
+1 5000
+1 5000
+3 10000
-6 25000
+1 25000
+1 25000
+1 25000
+3 50000
+23 76000
+9 76000
+1 76000
+5 13000
+1 13000
+25 63000
+1 63000
+1 63000
+9 13000
+1 13000
+5 13000

fl=(30)
fn=(4578)
53 1000
+2 1000
+1 1000
+1 1000
+1 1000
+1 1000
+3 1000
+1 1000
+4 1000
+1 1000
+1 1000
+1 1000
+1 1000
+1 1000
+1 1000
+1 1000
+3 1000
+8 1000
+8 1000
+1 2000

fl=(8)
fn=(46)
136 237000
+3 237000
+1 474000
+4 474000

fl=(13)
fn=(126)
34 27000
+12 54000
fi=(45) ./nptl/../string/bits/string_fortified.h
+13 54000
fe=(13)
-13 27000
fi=(45)
+13 81000
fe=(13)
-9 27000
+3 27000
-3 27000
+3 108000
+3 54000

fl=(32)
fn=(4612)
33 10000
+1 20000
cfn=(4614) _IO_getline_info
calls=10000 +15 
* 3275436

fn=(4614)
49 150000
+2 20000
+2 30000
+2 40000
+28 10000
+2 20000
-2 20000
+2 10000
cob=(3)
cfi=(3)
cfn=(4640)
calls=10000 -85 
* 317000
* 10000
+1 20000
-29 33000
+1 22000
+2 2000
cfi=(25)
cfn=(4616)
calls=1000 299 
* 2081436
+1 2000
+6 2000
+11 1000
-1 2000
-22 2000
+33 20000
+1 20000
-1 10000
+2 30000
+2 10000
+2 20000
fi=(46) ./libio/../string/bits/string_fortified.h
-65 50000
cob=(3)
cfi=(3)
cfn=(2524)
calls=10000 -29 
* 209000
fe=(32)
+68 10000
+1 10000
-1 10000
+10 80000
-53 2000

fl=(33)
fn=(4624)
78 11000
+6 4000
fi=(35)
1025 3000
+1 2000
fe=(33)
84 3000
cfi=(26)
cfn=(4626) _IO_file_stat
calls=1000 1147 
* 9000
* 2000
+2 4000
+11 4000
+4 2000
cob=(3)
cfi=(3)
cfn=(4554)
calls=1000 0 
* 1798436
* 1000
+1 2000
+2 4000
cfi=(25)
cfn=(4630)
calls=1000 329 
* 29000
+1 1000
+1 9000

fl=(16)
fn=(240)
61 26000
+7 26000
+2 26000
+3 26000
+1 26000
+2 26000
+1 26000
+1 26000
+1 26000
+3 26000
+1 26000
+3 26000
+1 26000
+2 21000
+1 21000
+1 2000
+1 2000
+2 4000
+7 5000
+5 5000
+7 5000
+1 5000
+1 1000
+1 1000
+12 4000
+1 4000
+4 6000
+1 6000
+1 6000
+1 12000
+25 19000
+1 19000
+1 19000
+2 19000
+10 19000
+1 19000
+3 19000
+1 19000
+2 6000
+1 6000
+2 6000
+1 6000
+1 6000
+1 6000
+69 13000
+1 13000
+3 13000
+1 13000
+4 12000
+1 12000
+3 12000
+1 12000
+1 12000
+1 12000
+1 12000
+47 12000
+1 24000
+16 1000
+4 1000
+2 1000
+1 2000
+21 1000
+1 1000
+1 1000
+1 1000

fl=(9)
fn=(58)
24 163000
+5 326000
+1 652000
+24 163000
+1 326000
+4 408000
+5 326000
-28 190000

fl=(10)
fn=(80)
23 810000
+1 81000
fi=(11)
603 324000
+19 486000
778 162000
624 162000
778 81000
+5 162000
+5 14000
+1 14000
-1 14000
+1 42000
+6 84000
+7 7000
947 14000
+2 7000
fe=(10)
27 7000
+2 63000
fi=(11)
947 148000
+2 74000
fe=(10)
27 74000
+2 666000

fl=(12)
fn=(102)
30 21366000
+1 3561000
+7 3561000
+1 3561000
-1 7122000
fi=(11)
221 10440000
+11 3480000
-11 10440000
+15 3480000
+4 10440000
+14 10440000
+5 6960000
+16 10440000
fe=(12)
44 17805000
fi=(11)
243 13920000
+1 6960000
-23 162000
535 81000
-4 81000
221 162000
535 81000
221 81000
535 81000
+3 81000
-2 162000
+2 162000
+21 81000
+2 648000
+8 162000
+13 162000
fe=(12)

fl=(15)
fn=(454)
206 125000
+43 125000
+25 125000
+1 125000
+1 125000
+2 125000
+1 125000
+4 122928
+4 122928
+2 122928
+2 122928
+3 122928
+9 122928
+1 122928
+4 122928
+10 122928
+1 122928
+3 122928
+4 245856
953 39370
+1 39370
+3 39370
+1 39370
+1 39370
+1 39370
+2 39370
+3 39370
+1 39370
+4 36199
+1 36199
+9 72
+4 72
+1 143
+8 71
+1 71
+1 71
+1 71
+1 71
+1 71
+2 71
-7 2000
+1 2000
+1 2000
+1 2000
+1 2000
+1 2000
+2 2000
+35 2072
+1 2072
+11 2072
+1 2072
+3 2072
+1 2072
+1 2072
+3 4144
+20 3171
+1 3171
+3 2000
+1 2000
+1 2000
+1 2000
+6 2000
+2 2000
+3 2000
+1 2000
+5 1
+1 1
+2 1
+1 1
+1 1
+1 1
+1 1
+1 1
+1 1

fn=(232)
206 41000
+24 41000
+5 41000
+14 41000
+25 41000
+1 41000
+1 41000
+2 41000
+1 41000
+4 40928
+4 40928
+2 40928
+2 40928
+3 40928
+2 40928
+1 40928
+11 28000
+10 28000
+1 28000
+3 28000
+4 56000
+5 40928
+1 40928
+1 40928
+4 12928
+1 25856
957 35955
+1 35955
+1 35955
+1 35955
+2 35955
+3 35955
+1 35955
+4 35492
+1 35492
+22 71
+1 71
+1 71
+1 71
+1 71
+1 71
+2 71
+63 72
+1 72
+1 72
+1 144
+3 72
+1 144
+6 463
+1 463
+3 72
+1 72
+1 72
+1 72
+6 72
+2 72
+3 72
+1 73
+5 1
+1 1
+2 1
+1 1
+1 1
+1 1
+1 1
+1 1
+1 1

fl=(17)
fn=(252)
52 911000
+13 911000
+1 911000
+1 911000
+3 911000
+2 911000
+1 911000
+3 910963
+1 910963
+8 910963
+1 910963
+1 891963
+5 1783926
+51 19000
+13 19000
+1 19000
+1 19000
+6 38000
+57 19000
+15 19000
+6 19000
+1 19000
+1 19000
+2 19000
+1 19000
+1 19000
+1 19000
511 37
+1 37
+1 37
+3 37
+15 37
+1 37
+1 37
+7 74

fl=(28) ./io/../sysdeps/unix/sysv/linux/open64.c
fn=(4572) open
30 2000
+3 1000
-3 10000
+3 6000
+8 9000
+2 8000

fl=(26)
fn=(4560)
106 6000
+5 1000
-1 1000
+3 1000
cfi=(25)
cfn=(4562)
calls=1000 -26 
* 89000
+1 1000
+1 3000

fn=(4636) _IO_file_read
1131 1000
+3 1000
-1 1000
+1 2000
cfi=(36)
cfn=(4638)
calls=1000 25 
* 8000

fn=(4720) _IO_file_close
1165 1000
+3 2000
cfi=(38)
cfn=(4722)
calls=1000 25 
* 6000

fn=(4728) _IO_file_finish@@GLIBC_2.2.5
168 5000
+1 1000
-1 1000
+1 1000
+6 2000
+1 3000
-1 1000
cfi=(25)
cfn=(4730)
calls=1000 601 
* 20000

fn=(4568)
213 12000
+9 2000
+2 6000
+23 6000
357 12000
-76 4000
cfn=(4570) _IO_file_open
calls=1000 -99 
* 95000
* 1000
+3 2000
+3 3000
cfi=(29)
cfn=(4574)
calls=1000 77 
* 59000
* 1000
+1 2000
-74 1000
+13 1000
+1 2000
+19 6000

fn=(4570)
182 2000
+3 1000
-3 10000
+2 2000
+4 1000
cfi=(28)
cfn=(4572)
calls=1000 30 
* 36000
* 1000
+1 2000
+3 2000
+3 1000
-4 1000
+1 3000
+3 1000
-3 1000
+3 1000
+10 2000
cfi=(25)
cfn=(4562)
calls=1000 87 
* 21000
+1 1000
+1 6000

fn=(4716) _IO_file_close_it@@GLIBC_2.2.5
128 7000
+2 3000
+4 2000
+3 1000
-3 1000
-1 2000
+6 1000
+3 1000
-3 1000
cfi=(25)
cfn=(4718)
calls=1000 937 
* 14000
+3 3000
fi=(35)
1025 3000
+1 2000
fe=(26)
142 2000
cfn=(4720)
calls=1000 1165 
* 9000
* 1000
+3 3000
+8 5000
cfi=(25)
cfn=(4630)
calls=1000 329 
* 203968
+1 1000
+3 1000
-3 3000
+3 1000
cfi=(25)
cfn=(4712)
calls=1000 53 
* 4000
+5 1000
-4 1000
+1 1000
+3 1000
-2 1000
+3 7000

fn=(4620)
462 1000
+4 3000
-4 9000
+7 2000
+6 3000
+3 2000
fi=(35)
1025 1000
fe=(26)
506 2000
cfi=(25)
cfn=(4634)
calls=1000 164 
* 26000
+6 1000
+5 1000
-5 1000
fi=(35)
1025 2000
fe=(26)
512 1000
fi=(35)
1025 1000
fe=(26)
512 3000
fi=(35)
1026 2000
fe=(26)
517 4000
cfn=(4636)
calls=1000 1131 
* 13000
+2 2000
+16 1000
-9 1000
+9 2000
+2 2000
+1 8000
-57 3000
+5 2000
cfi=(25)
cfn=(4622)
calls=1000 343 
* 1917436
+4 4000

fn=(4626)
1147 1000
+1 2000
cfi=(34)
cfn=(4628)
calls=1000 30 
* 6000

fl=(14)
fn=(204)
255 938252
+1 938252
+6 938252
+1 938252
+2 94252
+1 94252
+1 94252
+3 45735
+1 45735
+1 45735
+3 91470
+30 844000
+1 844000
+2 821000
+1 821000
+2 761000
+4 761000
+1 642000
+1 642000
+1 640000
+1 640000
+1 640000
+1 640000
+2 640000
+2 642000
+6 119000
+1 119000
+1 119000
+1 119000
+1 119000
+7 23000
+1 23000
+1 23000
+1 23000
+2 23000
+17 60000
+1 60000
+1 60000
+1 60000
+1 60000
+7 33801
+1 33801
+1 33801
+1 33801
+1 33801
+1 33801
+1 67602
+5 48517
+1 48517
+5 48517
+1 48517
+2 42517
+1 42517
+1 42517
+2 8716
+1 8716
+1 8716
+1 8716
+1 8716
+1 8716
+1 8716
+1 8716
+1 8716
+1 8716
+1 8716
+1 8716
+1 8716
+1 8716
+1 17432
+4 6000
+1 6000
+4 6000
+2 6000
+4 6000
+1 6000
+11 6000
+3 6000
+2 6000
+2 6000
+4 6000
+1 6000
+9 5541
+1 5541
+2 5541
+2 5541
+1 5541
+1 5541
+3 5541
+2 5541
+2 5541
+2 11082
+6 5541
+1 5541
+1 5541
+1 5541
+1 5541
+1 5541
+1 5541
+1 5541
+1 5541
+1 5541
+1 5541
+1 5541
-11 2718
+1 2718
+1 2718
+1 2718
+1 2718
+1 2718
+1 2718
+1 2718
+1 2718
+1 2718
+1 2718
+1 2718
+2 5541
+1 5541
+1 5541
+1 5541
+2 5541
+4 11082
+13 459
+1 459
+2 459
+1 459
+1 459
+2 459
+2 459
+2 918
+6 459
+1 459
+1 459
+1 459
+1 459
+1 459
+1 459
+1 459
+1 459
+1 459
+1 459
+1 459
-11 282
+1 282
+1 282
+1 282
+1 282
+1 282
+1 282
+1 282
+1 282
+1 282
+1 282
+1 282
+2 459
+1 459
+1 459
+1 459
+2 459
+1 918

fl=(22)
fn=(3512)
64 12000
+1 12000
+7 12000
+1 12000
+1 12000
+1 12000
+3 12000
+2 12000
+1 12000
+1 12000
+2 12000
+1 12000
+4 12000
+2 12000
+1 12000
+9 12000
+1 12000
+2 6000
+1 6000
+29 6000
+1 6000
+1 6000
+1 6000
+7 6000
+2 6000
+1 6000
+1 6000

fl=(37)
fn=(4710)
34 8000
+14 3000
+9 1000
fi=(35)
1025 3000
+1 2000
fe=(37)
57 3000
cfi=(26)
cfn=(4728)
calls=1000 168 
* 34000
+1 3000
+13 2000
fi=(35)
951 4000
+1 4000
+6 2000
cob=(3)
cfi=(3)
cfn=(4724)
calls=1000 0 
* 87000
fe=(37)
76 7000
-27 1000
cfi=(25)
cfn=(4712)
calls=1000 +4 
* 104000
+2 8000
+1 2000
+1 2000
cfi=(26)
cfn=(4716)
calls=1000 +75 
* 286968
fi=(35)
979 1000
fe=(37)
53 1000
fi=(35)
979 3000
+1 9000
fe=(37)
51 5000

totals: 4786805665
